/*
SQLyog Ultimate v8.53 
MySQL - 5.5.5-10.1.38-MariaDB : Database - early_students_db
*********************************************************************
*/

/*!40101 SET NAMES utf8 */;

/*!40101 SET SQL_MODE=''*/;

/*!40014 SET @OLD_UNIQUE_CHECKS=@@UNIQUE_CHECKS, UNIQUE_CHECKS=0 */;
/*!40101 SET @OLD_SQL_MODE=@@SQL_MODE, SQL_MODE='NO_AUTO_VALUE_ON_ZERO' */;
/*!40111 SET @OLD_SQL_NOTES=@@SQL_NOTES, SQL_NOTES=0 */;
CREATE DATABASE /*!32312 IF NOT EXISTS*/`early_students_db` /*!40100 DEFAULT CHARACTER SET latin1 */;

USE `early_students_db`;

/*Table structure for table `accounts` */

DROP TABLE IF EXISTS `accounts`;

CREATE TABLE `accounts` (
  `accountid` int(6) NOT NULL AUTO_INCREMENT,
  `username` varchar(60) DEFAULT NULL,
  `password` varchar(60) DEFAULT NULL,
  PRIMARY KEY (`accountid`)
) ENGINE=InnoDB AUTO_INCREMENT=4 DEFAULT CHARSET=latin1;

/*Data for the table `accounts` */

insert  into `accounts`(`accountid`,`username`,`password`) values (1,'admin','admin'),(3,'aaaa','aaaa');

/*Table structure for table `strands` */

DROP TABLE IF EXISTS `strands`;

CREATE TABLE `strands` (
  `strandid` int(6) NOT NULL AUTO_INCREMENT,
  `strand` varchar(60) DEFAULT NULL,
  `stranddescription` varchar(250) DEFAULT NULL,
  PRIMARY KEY (`strandid`)
) ENGINE=InnoDB AUTO_INCREMENT=11 DEFAULT CHARSET=latin1;

/*Data for the table `strands` */

insert  into `strands`(`strandid`,`strand`,`stranddescription`) values (1,'GAS','General Academic Strand'),(4,'HUMSS','Humanities and Social Sciences'),(5,'TVL ICT','Technical-Vocational-Livelihood - Information and Communication Technology'),(6,'TVL EIM','Technical-Vocational-Livelihood - Industrial Arts'),(7,'TVL H.E','Technical-Vocational-Livelihood - Home Economics'),(8,'TVL AFA','Technical-Vocational-Livelihood - Agri-Fishery Arts'),(9,'STEM','Science, Technology, Engineering, and Mathematics'),(10,'ABM','Accountancy, Business and Management');

/*Table structure for table `students` */

DROP TABLE IF EXISTS `students`;

CREATE TABLE `students` (
  `studentid` int(6) NOT NULL AUTO_INCREMENT,
  `strandid` int(6) DEFAULT NULL,
  `lrn` varchar(60) DEFAULT NULL,
  `lastname` varchar(60) DEFAULT NULL,
  `firstname` varchar(60) DEFAULT NULL,
  `middleinitial` varchar(1) DEFAULT NULL,
  `address` varchar(200) DEFAULT NULL,
  `parentsorguardian` varchar(100) DEFAULT NULL,
  `contactnumber` varchar(60) DEFAULT NULL,
  `lastschoolattended` varchar(200) DEFAULT NULL,
  `schoolyear` varchar(60) DEFAULT NULL,
  `yearlevel` varchar(60) DEFAULT NULL,
  `dateadded` date DEFAULT NULL,
  PRIMARY KEY (`studentid`),
  KEY `FK_students` (`strandid`),
  CONSTRAINT `FK_students` FOREIGN KEY (`strandid`) REFERENCES `strands` (`strandid`)
) ENGINE=InnoDB AUTO_INCREMENT=1009 DEFAULT CHARSET=latin1;

/*Data for the table `students` */

insert  into `students`(`studentid`,`strandid`,`lrn`,`lastname`,`firstname`,`middleinitial`,`address`,`parentsorguardian`,`contactnumber`,`lastschoolattended`,`schoolyear`,`yearlevel`,`dateadded`) values (7,4,'1011-2225-5555','Dunkley','FIRST NAME','M','ADDRE','PARENTS','097555','SKSU','2018','GRADE 12','2019-12-11'),(10,4,'1011-2225-5555','Meza','FIRST NAME','M','ADDRE','PARENTS','097555','SKSU','2018','GRADE 12','2019-12-11'),(19,4,'1011-2225-5555','Gillespie','FIRST NAME','M','ADDRE','PARENTS','097555','SKSU','2018','GRADE 12','2019-12-11'),(20,4,'1011-2225-5555','Elen','FIRST NAME','M','ADDRE','PARENTS','097555','SKSU','2018','GRADE 12','2019-12-11'),(21,4,'1011-2225-5555','Wesley','FIRST NAME','M','ADDRE','PARENTS','097555','SKSU','2018','GRADE 12','2019-12-11'),(22,4,'1011-2225-5555','Kiran','FIRST NAME','M','ADDRE','PARENTS','097555','SKSU','2018','GRADE 12','2019-12-11'),(23,4,'1011-2225-5555','Haigh','FIRST NAME','M','ADDRE','PARENTS','097555','SKSU','2018','GRADE 12','2019-12-11'),(24,4,'1011-2225-5555','Simon','FIRST NAME','M','ADDRE','PARENTS','097555','SKSU','2018','GRADE 12','2019-12-11'),(25,4,'1011-2225-5555','Snow','FIRST NAME','M','ADDRE','PARENTS','097555','SKSU','2018','GRADE 12','2019-12-11'),(26,4,'1011-2225-5555','Tatiana','FIRST NAME','M','ADDRE','PARENTS','097555','SKSU','2018','GRADE 12','2019-12-11'),(27,4,'1011-2225-5555','Mccormack','FIRST NAME','M','ADDRE','PARENTS','097555','SKSU','2018','GRADE 12','2019-12-11'),(28,4,'1011-2225-5555','Lucas','FIRST NAME','M','ADDRE','PARENTS','097555','SKSU','2018','GRADE 12','2019-12-11'),(29,4,'1011-2225-5555','Julius','FIRST NAME','M','ADDRE','PARENTS','097555','SKSU','2018','GRADE 12','2019-12-11'),(30,4,'1011-2225-5555','Sanna','FIRST NAME','M','ADDRE','PARENTS','097555','SKSU','2018','GRADE 12','2019-12-11'),(31,4,'1011-2225-5555','Allana','FIRST NAME','M','ADDRE','PARENTS','097555','SKSU','2018','GRADE 12','2019-12-11'),(32,4,'1011-2225-5555','Macie Goodman','FIRST NAME','M','ADDRE','PARENTS','097555','SKSU','2018','GRADE 12','2019-12-11'),(33,4,'1011-2225-5555','Kiran','FIRST NAME','M','ADDRE','PARENTS','097555','SKSU','2018','GRADE 12','2019-12-11'),(34,4,'1011-2225-5555','Fergus','FIRST NAME','M','ADDRE','PARENTS','097555','SKSU','2018','GRADE 12','2019-12-11'),(35,4,'1011-2225-5555','Branch','FIRST NAME','M','ADDRE','PARENTS','097555','SKSU','2018','GRADE 12','2019-12-11'),(36,4,'1011-2225-5555','Macie','FIRST NAME','M','ADDRE','PARENTS','097555','SKSU','2018','GRADE 12','2019-12-11'),(37,4,'1011-2225-5555','Rylee','FIRST NAME','M','ADDRE','PARENTS','097555','SKSU','2018','GRADE 12','2019-12-11'),(38,4,'1011-2225-5555','Kristian','FIRST NAME','M','ADDRE','PARENTS','097555','SKSU','2018','GRADE 12','2019-12-11'),(39,4,'1011-2225-5555','Lord','FIRST NAME','M','ADDRE','PARENTS','097555','SKSU','2018','GRADE 12','2019-12-11'),(40,4,'1011-2225-5555','Umair','FIRST NAME','M','ADDRE','PARENTS','097555','SKSU','2018','GRADE 12','2019-12-11'),(41,4,'1011-2225-5555','Vicki','FIRST NAME','M','ADDRE','PARENTS','097555','SKSU','2018','GRADE 12','2019-12-11'),(42,4,'1011-2225-5555','Alina','FIRST NAME','M','ADDRE','PARENTS','097555','SKSU','2018','GRADE 12','2019-12-11'),(43,4,'1011-2225-5555','Haydon','FIRST NAME','M','ADDRE','PARENTS','097555','SKSU','2018','GRADE 12','2019-12-11'),(44,4,'1011-2225-5555','Freeman','FIRST NAME','M','ADDRE','PARENTS','097555','SKSU','2018','GRADE 12','2019-12-11'),(45,4,'1011-2225-5555','Derek','FIRST NAME','M','ADDRE','PARENTS','097555','SKSU','2018','GRADE 12','2019-12-11'),(46,4,'1011-2225-5555','Kirandeep','FIRST NAME','M','ADDRE','PARENTS','097555','SKSU','2018','GRADE 12','2019-12-11'),(47,4,'1011-2225-5555','Herbert','FIRST NAME','M','ADDRE','PARENTS','097555','SKSU','2018','GRADE 12','2019-12-11'),(48,4,'1011-2225-5555','Donaldson','FIRST NAME','M','ADDRE','PARENTS','097555','SKSU','2018','GRADE 12','2019-12-11'),(49,4,'1011-2225-5555','James','FIRST NAME','M','ADDRE','PARENTS','097555','SKSU','2018','GRADE 12','2019-12-11'),(50,4,'1011-2225-5555','Rowland','FIRST NAME','M','ADDRE','PARENTS','097555','SKSU','2018','GRADE 12','2019-12-11'),(51,4,'1011-2225-5555','Vladimir','FIRST NAME','M','ADDRE','PARENTS','097555','SKSU','2018','GRADE 12','2019-12-11'),(52,4,'1011-2225-5555','Iris','FIRST NAME','M','ADDRE','PARENTS','097555','SKSU','2018','GRADE 12','2019-12-11'),(53,4,'1011-2225-5555','Clyde','FIRST NAME','M','ADDRE','PARENTS','097555','SKSU','2018','GRADE 12','2019-12-11'),(54,4,'1011-2225-5555','Stephens','FIRST NAME','M','ADDRE','PARENTS','097555','SKSU','2018','GRADE 12','2019-12-11'),(55,4,'1011-2225-5555','Werner','FIRST NAME','M','ADDRE','PARENTS','097555','SKSU','2018','GRADE 12','2019-12-11'),(56,4,'1011-2225-5555','Guzman','FIRST NAME','M','ADDRE','PARENTS','097555','SKSU','2018','GRADE 12','2019-12-11'),(57,4,'1011-2225-5555','Massey','FIRST NAME','M','ADDRE','PARENTS','097555','SKSU','2018','GRADE 12','2019-12-11'),(58,4,'1011-2225-5555','Murat','FIRST NAME','M','ADDRE','PARENTS','097555','SKSU','2018','GRADE 12','2019-12-11'),(59,4,'1011-2225-5555','Gates','FIRST NAME','M','ADDRE','PARENTS','097555','SKSU','2018','GRADE 12','2019-12-11'),(60,4,'1011-2225-5555','Gates','FIRST NAME','M','ADDRE','PARENTS','097555','SKSU','2018','GRADE 12','2019-12-11'),(61,4,'1011-2225-5555','Claire','FIRST NAME','M','ADDRE','PARENTS','097555','SKSU','2018','GRADE 12','2019-12-11'),(62,4,'1011-2225-5555','Naseem','FIRST NAME','M','ADDRE','PARENTS','097555','SKSU','2018','GRADE 12','2019-12-11'),(63,4,'1011-2225-5555','Teddie','FIRST NAME','M','ADDRE','PARENTS','097555','SKSU','2018','GRADE 12','2019-12-11'),(64,4,'1011-2225-5555','Rex','FIRST NAME','M','ADDRE','PARENTS','097555','SKSU','2018','GRADE 12','2019-12-11'),(65,4,'1011-2225-5555','Barrett','FIRST NAME','M','ADDRE','PARENTS','097555','SKSU','2018','GRADE 12','2019-12-11'),(66,4,'1011-2225-5555','Phoebe','FIRST NAME','M','ADDRE','PARENTS','097555','SKSU','2018','GRADE 12','2019-12-11'),(67,4,'1011-2225-5555','Maxine','FIRST NAME','M','ADDRE','PARENTS','097555','SKSU','2018','GRADE 12','2019-12-11'),(68,4,'1011-2225-5555','Alvarado','FIRST NAME','M','ADDRE','PARENTS','097555','SKSU','2018','GRADE 12','2019-12-11'),(69,4,'1011-2225-5555','Gianluca','FIRST NAME','M','ADDRE','PARENTS','097555','SKSU','2018','GRADE 12','2019-12-11'),(70,4,'1011-2225-5555','Drummond','FIRST NAME','M','ADDRE','PARENTS','097555','SKSU','2018','GRADE 12','2019-12-11'),(71,4,'1011-2225-5555','Penelope','FIRST NAME','M','ADDRE','PARENTS','097555','SKSU','2018','GRADE 12','2019-12-11'),(72,4,'1011-2225-5555','Prentice','FIRST NAME','M','ADDRE','PARENTS','097555','SKSU','2018','GRADE 12','2019-12-11'),(73,4,'1011-2225-5555','Walsh','FIRST NAME','M','ADDRE','PARENTS','097555','SKSU','2018','GRADE 12','2019-12-11'),(74,4,'1011-2225-5555','Ellis','FIRST NAME','M','ADDRE','PARENTS','097555','SKSU','2018','GRADE 12','2019-12-11'),(75,4,'1011-2225-5555','Jae','FIRST NAME','M','ADDRE','PARENTS','097555','SKSU','2018','GRADE 12','2019-12-11'),(76,4,'1011-2225-5555','Prentice','FIRST NAME','M','ADDRE','PARENTS','097555','SKSU','2018','GRADE 12','2019-12-11'),(77,4,'1011-2225-5555','Buxton','FIRST NAME','M','ADDRE','PARENTS','097555','SKSU','2018','GRADE 12','2019-12-11'),(78,4,'1011-2225-5555','Gamble','FIRST NAME','M','ADDRE','PARENTS','097555','SKSU','2018','GRADE 12','2019-12-11'),(79,4,'1011-2225-5555','Siddharth','FIRST NAME','M','ADDRE','PARENTS','097555','SKSU','2018','GRADE 12','2019-12-11'),(80,4,'1011-2225-5555','Cinar','FIRST NAME','M','ADDRE','PARENTS','097555','SKSU','2018','GRADE 12','2019-12-11'),(81,4,'1011-2225-5555','Ferreira','FIRST NAME','M','ADDRE','PARENTS','097555','SKSU','2018','GRADE 12','2019-12-11'),(82,4,'1011-2225-5555','Jae','FIRST NAME','M','ADDRE','PARENTS','097555','SKSU','2018','GRADE 12','2019-12-11'),(83,4,'1011-2225-5555','LAST NAME','FIRST NAME','M','ADDRE','PARENTS','097555','SKSU','2018','GRADE 12','2019-12-11'),(84,4,'1011-2225-5555','LAST NAME','FIRST NAME','M','ADDRE','PARENTS','097555','SKSU','2018','GRADE 12','2019-12-11'),(85,4,'1011-2225-5555','Jardel','FIRST NAME','M','ADDRE','PARENTS','097555','SKSU','2018','GRADE 12','2019-12-11'),(86,4,'1011-2225-5555','Oakley','FIRST NAME','M','ADDRE','PARENTS','097555','SKSU','2018','GRADE 12','2019-12-11'),(87,4,'1011-2225-5555','Bertha','FIRST NAME','M','ADDRE','PARENTS','097555','SKSU','2018','GRADE 12','2019-12-11'),(88,4,'1011-2225-5555','Chantelle','FIRST NAME','M','ADDRE','PARENTS','097555','SKSU','2018','GRADE 12','2019-12-11'),(89,4,'1011-2225-5555','LAST NAME','FIRST NAME','M','ADDRE','PARENTS','097555','SKSU','2018','GRADE 12','2019-12-11'),(90,4,'1011-2225-5555','LAST NAME','FIRST NAME','M','ADDRE','PARENTS','097555','SKSU','2018','GRADE 12','2019-12-11'),(91,4,'1011-2225-5555','LAST NAME','FIRST NAME','M','ADDRE','PARENTS','097555','SKSU','2018','GRADE 12','2019-12-11'),(92,4,'1011-2225-5555','LAST NAME','FIRST NAME','M','ADDRE','PARENTS','097555','SKSU','2018','GRADE 12','2019-12-11'),(93,4,'1011-2225-5555','LAST NAME','FIRST NAME','M','ADDRE','PARENTS','097555','SKSU','2018','GRADE 12','2019-12-11'),(94,4,'1011-2225-5555','LAST NAME','FIRST NAME','M','ADDRE','PARENTS','097555','SKSU','2018','GRADE 12','2019-12-11'),(95,4,'1011-2225-5555','LAST NAME','FIRST NAME','M','ADDRE','PARENTS','097555','SKSU','2018','GRADE 12','2019-12-11'),(96,4,'1011-2225-5555','LAST NAME','FIRST NAME','M','ADDRE','PARENTS','097555','SKSU','2018','GRADE 12','2019-12-11'),(97,4,'1011-2225-5555','LAST NAME','FIRST NAME','M','ADDRE','PARENTS','097555','SKSU','2018','GRADE 12','2019-12-11'),(98,4,'1011-2225-5555','LAST NAME','FIRST NAME','M','ADDRE','PARENTS','097555','SKSU','2018','GRADE 12','2019-12-11'),(99,4,'1011-2225-5555','LAST NAME','FIRST NAME','M','ADDRE','PARENTS','097555','SKSU','2018','GRADE 12','2019-12-11'),(100,4,'1011-2225-5555','LAST NAME','FIRST NAME','M','ADDRE','PARENTS','097555','SKSU','2018','GRADE 12','2019-12-11'),(101,4,'1011-2225-5555','LAST NAME','FIRST NAME','M','ADDRE','PARENTS','097555','SKSU','2018','GRADE 12','2019-12-11'),(102,4,'1011-2225-5555','LAST NAME','FIRST NAME','M','ADDRE','PARENTS','097555','SKSU','2018','GRADE 12','2019-12-11'),(103,4,'1011-2225-5555','LAST NAME','FIRST NAME','M','ADDRE','PARENTS','097555','SKSU','2018','GRADE 12','2019-12-11'),(104,4,'1011-2225-5555','LAST NAME','FIRST NAME','M','ADDRE','PARENTS','097555','SKSU','2018','GRADE 12','2019-12-11'),(105,4,'1011-2225-5555','LAST NAME','FIRST NAME','M','ADDRE','PARENTS','097555','SKSU','2018','GRADE 12','2019-12-11'),(106,4,'1011-2225-5555','LAST NAME','FIRST NAME','M','ADDRE','PARENTS','097555','SKSU','2018','GRADE 12','2019-12-11'),(107,4,'1011-2225-5555','LAST NAME','FIRST NAME','M','ADDRE','PARENTS','097555','SKSU','2018','GRADE 12','2019-12-11'),(108,4,'1011-2225-5555','LAST NAME','FIRST NAME','M','ADDRE','PARENTS','097555','SKSU','2018','GRADE 12','2019-12-11'),(109,4,'1011-2225-5555','LAST NAME','FIRST NAME','M','ADDRE','PARENTS','097555','SKSU','2018','GRADE 12','2019-12-11'),(110,4,'1011-2225-5555','LAST NAME','FIRST NAME','M','ADDRE','PARENTS','097555','SKSU','2018','GRADE 12','2019-12-11'),(111,4,'1011-2225-5555','LAST NAME','FIRST NAME','M','ADDRE','PARENTS','097555','SKSU','2018','GRADE 12','2019-12-11'),(112,4,'1011-2225-5555','LAST NAME','FIRST NAME','M','ADDRE','PARENTS','097555','SKSU','2018','GRADE 12','2019-12-11'),(113,4,'1011-2225-5555','LAST NAME','FIRST NAME','M','ADDRE','PARENTS','097555','SKSU','2018','GRADE 12','2019-12-11'),(114,4,'1011-2225-5555','LAST NAME','FIRST NAME','M','ADDRE','PARENTS','097555','SKSU','2018','GRADE 12','2019-12-11'),(115,4,'1011-2225-5555','LAST NAME','FIRST NAME','M','ADDRE','PARENTS','097555','SKSU','2018','GRADE 12','2019-12-11'),(116,4,'1011-2225-5555','LAST NAME','FIRST NAME','M','ADDRE','PARENTS','097555','SKSU','2018','GRADE 12','2019-12-11'),(117,4,'1011-2225-5555','LAST NAME','FIRST NAME','M','ADDRE','PARENTS','097555','SKSU','2018','GRADE 12','2019-12-11'),(118,4,'1011-2225-5555','LAST NAME','FIRST NAME','M','ADDRE','PARENTS','097555','SKSU','2018','GRADE 12','2019-12-11'),(119,4,'1011-2225-5555','LAST NAME','FIRST NAME','M','ADDRE','PARENTS','097555','SKSU','2018','GRADE 12','2019-12-11'),(120,4,'1011-2225-5555','LAST NAME','FIRST NAME','M','ADDRE','PARENTS','097555','SKSU','2018','GRADE 12','2019-12-11'),(121,4,'1011-2225-5555','LAST NAME','FIRST NAME','M','ADDRE','PARENTS','097555','SKSU','2018','GRADE 12','2019-12-11'),(122,4,'1011-2225-5555','LAST NAME','FIRST NAME','M','ADDRE','PARENTS','097555','SKSU','2018','GRADE 12','2019-12-11'),(123,4,'1011-2225-5555','LAST NAME','FIRST NAME','M','ADDRE','PARENTS','097555','SKSU','2018','GRADE 12','2019-12-11'),(124,4,'1011-2225-5555','LAST NAME','FIRST NAME','M','ADDRE','PARENTS','097555','SKSU','2018','GRADE 12','2019-12-11'),(125,4,'1011-2225-5555','LAST NAME','FIRST NAME','M','ADDRE','PARENTS','097555','SKSU','2018','GRADE 12','2019-12-11'),(126,4,'1011-2225-5555','LAST NAME','FIRST NAME','M','ADDRE','PARENTS','097555','SKSU','2018','GRADE 12','2019-12-11'),(127,4,'1011-2225-5555','LAST NAME','FIRST NAME','M','ADDRE','PARENTS','097555','SKSU','2018','GRADE 12','2019-12-11'),(128,4,'1011-2225-5555','LAST NAME','FIRST NAME','M','ADDRE','PARENTS','097555','SKSU','2018','GRADE 12','2019-12-11'),(129,4,'1011-2225-5555','LAST NAME','FIRST NAME','M','ADDRE','PARENTS','097555','SKSU','2018','GRADE 12','2019-12-11'),(130,4,'1011-2225-5555','LAST NAME','FIRST NAME','M','ADDRE','PARENTS','097555','SKSU','2018','GRADE 12','2019-12-11'),(131,4,'1011-2225-5555','LAST NAME','FIRST NAME','M','ADDRE','PARENTS','097555','SKSU','2018','GRADE 12','2019-12-11'),(132,4,'1011-2225-5555','LAST NAME','FIRST NAME','M','ADDRE','PARENTS','097555','SKSU','2018','GRADE 12','2019-12-11'),(133,4,'1011-2225-5555','LAST NAME','FIRST NAME','M','ADDRE','PARENTS','097555','SKSU','2018','GRADE 12','2019-12-11'),(134,4,'1011-2225-5555','LAST NAME','FIRST NAME','M','ADDRE','PARENTS','097555','SKSU','2018','GRADE 12','2019-12-11'),(135,4,'1011-2225-5555','LAST NAME','FIRST NAME','M','ADDRE','PARENTS','097555','SKSU','2018','GRADE 12','2019-12-11'),(136,4,'1011-2225-5555','LAST NAME','FIRST NAME','M','ADDRE','PARENTS','097555','SKSU','2018','GRADE 12','2019-12-11'),(137,4,'1011-2225-5555','LAST NAME','FIRST NAME','M','ADDRE','PARENTS','097555','SKSU','2018','GRADE 12','2019-12-11'),(138,4,'1011-2225-5555','LAST NAME','FIRST NAME','M','ADDRE','PARENTS','097555','SKSU','2018','GRADE 12','2019-12-11'),(139,4,'1011-2225-5555','LAST NAME','FIRST NAME','M','ADDRE','PARENTS','097555','SKSU','2018','GRADE 12','2019-12-11'),(140,4,'1011-2225-5555','LAST NAME','FIRST NAME','M','ADDRE','PARENTS','097555','SKSU','2018','GRADE 12','2019-12-11'),(141,4,'1011-2225-5555','LAST NAME','FIRST NAME','M','ADDRE','PARENTS','097555','SKSU','2018','GRADE 12','2019-12-11'),(142,4,'1011-2225-5555','LAST NAME','FIRST NAME','M','ADDRE','PARENTS','097555','SKSU','2018','GRADE 12','2019-12-11'),(143,4,'1011-2225-5555','LAST NAME','FIRST NAME','M','ADDRE','PARENTS','097555','SKSU','2018','GRADE 12','2019-12-11'),(144,4,'1011-2225-5555','LAST NAME','FIRST NAME','M','ADDRE','PARENTS','097555','SKSU','2018','GRADE 12','2019-12-11'),(145,4,'1011-2225-5555','LAST NAME','FIRST NAME','M','ADDRE','PARENTS','097555','SKSU','2018','GRADE 12','2019-12-11'),(146,4,'1011-2225-5555','LAST NAME','FIRST NAME','M','ADDRE','PARENTS','097555','SKSU','2018','GRADE 12','2019-12-11'),(147,4,'1011-2225-5555','LAST NAME','FIRST NAME','M','ADDRE','PARENTS','097555','SKSU','2018','GRADE 12','2019-12-11'),(148,4,'1011-2225-5555','LAST NAME','FIRST NAME','M','ADDRE','PARENTS','097555','SKSU','2018','GRADE 12','2019-12-11'),(149,4,'1011-2225-5555','LAST NAME','FIRST NAME','M','ADDRE','PARENTS','097555','SKSU','2018','GRADE 12','2019-12-11'),(150,4,'1011-2225-5555','LAST NAME','FIRST NAME','M','ADDRE','PARENTS','097555','SKSU','2018','GRADE 12','2019-12-11'),(151,4,'1011-2225-5555','LAST NAME','FIRST NAME','M','ADDRE','PARENTS','097555','SKSU','2018','GRADE 12','2019-12-11'),(152,4,'1011-2225-5555','LAST NAME','FIRST NAME','M','ADDRE','PARENTS','097555','SKSU','2018','GRADE 12','2019-12-11'),(153,4,'1011-2225-5555','LAST NAME','FIRST NAME','M','ADDRE','PARENTS','097555','SKSU','2018','GRADE 12','2019-12-11'),(154,4,'1011-2225-5555','LAST NAME','FIRST NAME','M','ADDRE','PARENTS','097555','SKSU','2018','GRADE 12','2019-12-11'),(155,4,'1011-2225-5555','LAST NAME','FIRST NAME','M','ADDRE','PARENTS','097555','SKSU','2018','GRADE 12','2019-12-11'),(156,4,'1011-2225-5555','LAST NAME','FIRST NAME','M','ADDRE','PARENTS','097555','SKSU','2018','GRADE 12','2019-12-11'),(157,4,'1011-2225-5555','LAST NAME','FIRST NAME','M','ADDRE','PARENTS','097555','SKSU','2018','GRADE 12','2019-12-11'),(158,4,'1011-2225-5555','LAST NAME','FIRST NAME','M','ADDRE','PARENTS','097555','SKSU','2018','GRADE 12','2019-12-11'),(159,4,'1011-2225-5555','LAST NAME','FIRST NAME','M','ADDRE','PARENTS','097555','SKSU','2018','GRADE 12','2019-12-11'),(160,4,'1011-2225-5555','LAST NAME','FIRST NAME','M','ADDRE','PARENTS','097555','SKSU','2018','GRADE 12','2019-12-11'),(161,4,'1011-2225-5555','LAST NAME','FIRST NAME','M','ADDRE','PARENTS','097555','SKSU','2018','GRADE 12','2019-12-11'),(162,4,'1011-2225-5555','LAST NAME','FIRST NAME','M','ADDRE','PARENTS','097555','SKSU','2018','GRADE 12','2019-12-11'),(163,4,'1011-2225-5555','LAST NAME','FIRST NAME','M','ADDRE','PARENTS','097555','SKSU','2018','GRADE 12','2019-12-11'),(164,4,'1011-2225-5555','LAST NAME','FIRST NAME','M','ADDRE','PARENTS','097555','SKSU','2018','GRADE 12','2019-12-11'),(165,4,'1011-2225-5555','LAST NAME','FIRST NAME','M','ADDRE','PARENTS','097555','SKSU','2018','GRADE 12','2019-12-11'),(166,4,'1011-2225-5555','LAST NAME','FIRST NAME','M','ADDRE','PARENTS','097555','SKSU','2018','GRADE 12','2019-12-11'),(167,4,'1011-2225-5555','LAST NAME','FIRST NAME','M','ADDRE','PARENTS','097555','SKSU','2018','GRADE 12','2019-12-11'),(168,4,'1011-2225-5555','LAST NAME','FIRST NAME','M','ADDRE','PARENTS','097555','SKSU','2018','GRADE 12','2019-12-11'),(169,4,'1011-2225-5555','LAST NAME','FIRST NAME','M','ADDRE','PARENTS','097555','SKSU','2018','GRADE 12','2019-12-11'),(170,4,'1011-2225-5555','LAST NAME','FIRST NAME','M','ADDRE','PARENTS','097555','SKSU','2018','GRADE 12','2019-12-11'),(171,4,'1011-2225-5555','LAST NAME','FIRST NAME','M','ADDRE','PARENTS','097555','SKSU','2018','GRADE 12','2019-12-11'),(172,4,'1011-2225-5555','LAST NAME','FIRST NAME','M','ADDRE','PARENTS','097555','SKSU','2018','GRADE 12','2019-12-11'),(173,4,'1011-2225-5555','LAST NAME','FIRST NAME','M','ADDRE','PARENTS','097555','SKSU','2018','GRADE 12','2019-12-11'),(174,4,'1011-2225-5555','LAST NAME','FIRST NAME','M','ADDRE','PARENTS','097555','SKSU','2018','GRADE 12','2019-12-11'),(175,4,'1011-2225-5555','LAST NAME','FIRST NAME','M','ADDRE','PARENTS','097555','SKSU','2018','GRADE 12','2019-12-11'),(176,4,'1011-2225-5555','LAST NAME','FIRST NAME','M','ADDRE','PARENTS','097555','SKSU','2018','GRADE 12','2019-12-11'),(177,4,'1011-2225-5555','LAST NAME','FIRST NAME','M','ADDRE','PARENTS','097555','SKSU','2018','GRADE 12','2019-12-11'),(178,4,'1011-2225-5555','LAST NAME','FIRST NAME','M','ADDRE','PARENTS','097555','SKSU','2018','GRADE 12','2019-12-11'),(179,4,'1011-2225-5555','LAST NAME','FIRST NAME','M','ADDRE','PARENTS','097555','SKSU','2018','GRADE 12','2019-12-11'),(180,4,'1011-2225-5555','LAST NAME','FIRST NAME','M','ADDRE','PARENTS','097555','SKSU','2018','GRADE 12','2019-12-11'),(181,4,'1011-2225-5555','LAST NAME','FIRST NAME','M','ADDRE','PARENTS','097555','SKSU','2018','GRADE 12','2019-12-11'),(182,4,'1011-2225-5555','LAST NAME','FIRST NAME','M','ADDRE','PARENTS','097555','SKSU','2018','GRADE 12','2019-12-11'),(183,4,'1011-2225-5555','LAST NAME','FIRST NAME','M','ADDRE','PARENTS','097555','SKSU','2018','GRADE 12','2019-12-11'),(184,4,'1011-2225-5555','LAST NAME','FIRST NAME','M','ADDRE','PARENTS','097555','SKSU','2018','GRADE 12','2019-12-11'),(185,4,'1011-2225-5555','LAST NAME','FIRST NAME','M','ADDRE','PARENTS','097555','SKSU','2018','GRADE 12','2019-12-11'),(186,4,'1011-2225-5555','LAST NAME','FIRST NAME','M','ADDRE','PARENTS','097555','SKSU','2018','GRADE 12','2019-12-11'),(187,4,'1011-2225-5555','LAST NAME','FIRST NAME','M','ADDRE','PARENTS','097555','SKSU','2018','GRADE 12','2019-12-11'),(188,4,'1011-2225-5555','LAST NAME','FIRST NAME','M','ADDRE','PARENTS','097555','SKSU','2018','GRADE 12','2019-12-11'),(189,4,'1011-2225-5555','LAST NAME','FIRST NAME','M','ADDRE','PARENTS','097555','SKSU','2018','GRADE 12','2019-12-11'),(190,4,'1011-2225-5555','LAST NAME','FIRST NAME','M','ADDRE','PARENTS','097555','SKSU','2018','GRADE 12','2019-12-11'),(191,4,'1011-2225-5555','LAST NAME','FIRST NAME','M','ADDRE','PARENTS','097555','SKSU','2018','GRADE 12','2019-12-11'),(192,4,'1011-2225-5555','LAST NAME','FIRST NAME','M','ADDRE','PARENTS','097555','SKSU','2018','GRADE 12','2019-12-11'),(193,4,'1011-2225-5555','LAST NAME','FIRST NAME','M','ADDRE','PARENTS','097555','SKSU','2018','GRADE 12','2019-12-11'),(194,4,'1011-2225-5555','LAST NAME','FIRST NAME','M','ADDRE','PARENTS','097555','SKSU','2018','GRADE 12','2019-12-11'),(195,4,'1011-2225-5555','LAST NAME','FIRST NAME','M','ADDRE','PARENTS','097555','SKSU','2018','GRADE 12','2019-12-11'),(196,4,'1011-2225-5555','LAST NAME','FIRST NAME','M','ADDRE','PARENTS','097555','SKSU','2018','GRADE 12','2019-12-11'),(197,4,'1011-2225-5555','LAST NAME','FIRST NAME','M','ADDRE','PARENTS','097555','SKSU','2018','GRADE 12','2019-12-11'),(198,4,'1011-2225-5555','LAST NAME','FIRST NAME','M','ADDRE','PARENTS','097555','SKSU','2018','GRADE 12','2019-12-11'),(199,4,'1011-2225-5555','LAST NAME','FIRST NAME','M','ADDRE','PARENTS','097555','SKSU','2018','GRADE 12','2019-12-11'),(200,4,'1011-2225-5555','LAST NAME','FIRST NAME','M','ADDRE','PARENTS','097555','SKSU','2018','GRADE 12','2019-12-11'),(201,4,'1011-2225-5555','LAST NAME','FIRST NAME','M','ADDRE','PARENTS','097555','SKSU','2018','GRADE 12','2019-12-11'),(202,4,'1011-2225-5555','LAST NAME','FIRST NAME','M','ADDRE','PARENTS','097555','SKSU','2018','GRADE 12','2019-12-11'),(203,4,'1011-2225-5555','LAST NAME','FIRST NAME','M','ADDRE','PARENTS','097555','SKSU','2018','GRADE 12','2019-12-11'),(204,4,'1011-2225-5555','LAST NAME','FIRST NAME','M','ADDRE','PARENTS','097555','SKSU','2018','GRADE 12','2019-12-11'),(205,4,'1011-2225-5555','LAST NAME','FIRST NAME','M','ADDRE','PARENTS','097555','SKSU','2018','GRADE 12','2019-12-11'),(206,4,'1011-2225-5555','LAST NAME','FIRST NAME','M','ADDRE','PARENTS','097555','SKSU','2018','GRADE 12','2019-12-11'),(207,4,'1011-2225-5555','LAST NAME','FIRST NAME','M','ADDRE','PARENTS','097555','SKSU','2018','GRADE 12','2019-12-11'),(208,4,'1011-2225-5555','LAST NAME','FIRST NAME','M','ADDRE','PARENTS','097555','SKSU','2018','GRADE 12','2019-12-11'),(209,4,'1011-2225-5555','LAST NAME','FIRST NAME','M','ADDRE','PARENTS','097555','SKSU','2018','GRADE 12','2019-12-11'),(210,4,'1011-2225-5555','LAST NAME','FIRST NAME','M','ADDRE','PARENTS','097555','SKSU','2018','GRADE 12','2019-12-11'),(211,4,'1011-2225-5555','LAST NAME','FIRST NAME','M','ADDRE','PARENTS','097555','SKSU','2018','GRADE 12','2019-12-11'),(212,4,'1011-2225-5555','LAST NAME','FIRST NAME','M','ADDRE','PARENTS','097555','SKSU','2018','GRADE 12','2019-12-11'),(213,4,'1011-2225-5555','LAST NAME','FIRST NAME','M','ADDRE','PARENTS','097555','SKSU','2018','GRADE 12','2019-12-11'),(214,4,'1011-2225-5555','LAST NAME','FIRST NAME','M','ADDRE','PARENTS','097555','SKSU','2018','GRADE 12','2019-12-11'),(215,4,'1011-2225-5555','LAST NAME','FIRST NAME','M','ADDRE','PARENTS','097555','SKSU','2018','GRADE 12','2019-12-11'),(216,4,'1011-2225-5555','LAST NAME','FIRST NAME','M','ADDRE','PARENTS','097555','SKSU','2018','GRADE 12','2019-12-11'),(217,4,'1011-2225-5555','LAST NAME','FIRST NAME','M','ADDRE','PARENTS','097555','SKSU','2018','GRADE 12','2019-12-11'),(218,4,'1011-2225-5555','LAST NAME','FIRST NAME','M','ADDRE','PARENTS','097555','SKSU','2018','GRADE 12','2019-12-11'),(219,4,'1011-2225-5555','LAST NAME','FIRST NAME','M','ADDRE','PARENTS','097555','SKSU','2018','GRADE 12','2019-12-11'),(220,4,'1011-2225-5555','LAST NAME','FIRST NAME','M','ADDRE','PARENTS','097555','SKSU','2018','GRADE 12','2019-12-11'),(221,4,'1011-2225-5555','LAST NAME','FIRST NAME','M','ADDRE','PARENTS','097555','SKSU','2018','GRADE 12','2019-12-11'),(222,4,'1011-2225-5555','LAST NAME','FIRST NAME','M','ADDRE','PARENTS','097555','SKSU','2018','GRADE 12','2019-12-11'),(223,4,'1011-2225-5555','LAST NAME','FIRST NAME','M','ADDRE','PARENTS','097555','SKSU','2018','GRADE 12','2019-12-11'),(224,4,'1011-2225-5555','LAST NAME','FIRST NAME','M','ADDRE','PARENTS','097555','SKSU','2018','GRADE 12','2019-12-11'),(225,4,'1011-2225-5555','LAST NAME','FIRST NAME','M','ADDRE','PARENTS','097555','SKSU','2018','GRADE 12','2019-12-11'),(226,4,'1011-2225-5555','LAST NAME','FIRST NAME','M','ADDRE','PARENTS','097555','SKSU','2018','GRADE 12','2019-12-11'),(227,4,'1011-2225-5555','LAST NAME','FIRST NAME','M','ADDRE','PARENTS','097555','SKSU','2018','GRADE 12','2019-12-11'),(228,4,'1011-2225-5555','LAST NAME','FIRST NAME','M','ADDRE','PARENTS','097555','SKSU','2018','GRADE 12','2019-12-11'),(229,4,'1011-2225-5555','LAST NAME','FIRST NAME','M','ADDRE','PARENTS','097555','SKSU','2018','GRADE 12','2019-12-11'),(230,4,'1011-2225-5555','LAST NAME','FIRST NAME','M','ADDRE','PARENTS','097555','SKSU','2018','GRADE 12','2019-12-11'),(231,4,'1011-2225-5555','LAST NAME','FIRST NAME','M','ADDRE','PARENTS','097555','SKSU','2018','GRADE 12','2019-12-11'),(232,4,'1011-2225-5555','LAST NAME','FIRST NAME','M','ADDRE','PARENTS','097555','SKSU','2018','GRADE 12','2019-12-11'),(233,4,'1011-2225-5555','LAST NAME','FIRST NAME','M','ADDRE','PARENTS','097555','SKSU','2018','GRADE 12','2019-12-11'),(234,4,'1011-2225-5555','LAST NAME','FIRST NAME','M','ADDRE','PARENTS','097555','SKSU','2018','GRADE 12','2019-12-11'),(235,4,'1011-2225-5555','LAST NAME','FIRST NAME','M','ADDRE','PARENTS','097555','SKSU','2018','GRADE 12','2019-12-11'),(236,4,'1011-2225-5555','LAST NAME','FIRST NAME','M','ADDRE','PARENTS','097555','SKSU','2018','GRADE 12','2019-12-11'),(237,4,'1011-2225-5555','LAST NAME','FIRST NAME','M','ADDRE','PARENTS','097555','SKSU','2018','GRADE 12','2019-12-11'),(238,4,'1011-2225-5555','LAST NAME','FIRST NAME','M','ADDRE','PARENTS','097555','SKSU','2018','GRADE 12','2019-12-11'),(239,4,'1011-2225-5555','LAST NAME','FIRST NAME','M','ADDRE','PARENTS','097555','SKSU','2018','GRADE 12','2019-12-11'),(240,4,'1011-2225-5555','LAST NAME','FIRST NAME','M','ADDRE','PARENTS','097555','SKSU','2018','GRADE 12','2019-12-11'),(241,4,'1011-2225-5555','LAST NAME','FIRST NAME','M','ADDRE','PARENTS','097555','SKSU','2018','GRADE 12','2019-12-11'),(242,4,'1011-2225-5555','LAST NAME','FIRST NAME','M','ADDRE','PARENTS','097555','SKSU','2018','GRADE 12','2019-12-11'),(243,4,'1011-2225-5555','LAST NAME','FIRST NAME','M','ADDRE','PARENTS','097555','SKSU','2018','GRADE 12','2019-12-11'),(244,4,'1011-2225-5555','LAST NAME','FIRST NAME','M','ADDRE','PARENTS','097555','SKSU','2018','GRADE 12','2019-12-11'),(245,4,'1011-2225-5555','LAST NAME','FIRST NAME','M','ADDRE','PARENTS','097555','SKSU','2018','GRADE 12','2019-12-11'),(246,4,'1011-2225-5555','LAST NAME','FIRST NAME','M','ADDRE','PARENTS','097555','SKSU','2018','GRADE 12','2019-12-11'),(247,4,'1011-2225-5555','LAST NAME','FIRST NAME','M','ADDRE','PARENTS','097555','SKSU','2018','GRADE 12','2019-12-11'),(248,4,'1011-2225-5555','LAST NAME','FIRST NAME','M','ADDRE','PARENTS','097555','SKSU','2018','GRADE 12','2019-12-11'),(249,4,'1011-2225-5555','LAST NAME','FIRST NAME','M','ADDRE','PARENTS','097555','SKSU','2018','GRADE 12','2019-12-11'),(250,4,'1011-2225-5555','LAST NAME','FIRST NAME','M','ADDRE','PARENTS','097555','SKSU','2018','GRADE 12','2019-12-11'),(251,4,'1011-2225-5555','LAST NAME','FIRST NAME','M','ADDRE','PARENTS','097555','SKSU','2018','GRADE 12','2019-12-11'),(252,4,'1011-2225-5555','LAST NAME','FIRST NAME','M','ADDRE','PARENTS','097555','SKSU','2018','GRADE 12','2019-12-11'),(253,4,'1011-2225-5555','LAST NAME','FIRST NAME','M','ADDRE','PARENTS','097555','SKSU','2018','GRADE 12','2019-12-11'),(254,4,'1011-2225-5555','LAST NAME','FIRST NAME','M','ADDRE','PARENTS','097555','SKSU','2018','GRADE 12','2019-12-11'),(255,4,'1011-2225-5555','LAST NAME','FIRST NAME','M','ADDRE','PARENTS','097555','SKSU','2018','GRADE 12','2019-12-11'),(256,4,'1011-2225-5555','LAST NAME','FIRST NAME','M','ADDRE','PARENTS','097555','SKSU','2018','GRADE 12','2019-12-11'),(257,4,'1011-2225-5555','LAST NAME','FIRST NAME','M','ADDRE','PARENTS','097555','SKSU','2018','GRADE 12','2019-12-11'),(258,4,'1011-2225-5555','LAST NAME','FIRST NAME','M','ADDRE','PARENTS','097555','SKSU','2018','GRADE 12','2019-12-11'),(259,4,'1011-2225-5555','LAST NAME','FIRST NAME','M','ADDRE','PARENTS','097555','SKSU','2018','GRADE 12','2019-12-11'),(260,4,'1011-2225-5555','LAST NAME','FIRST NAME','M','ADDRE','PARENTS','097555','SKSU','2018','GRADE 12','2019-12-11'),(261,4,'1011-2225-5555','LAST NAME','FIRST NAME','M','ADDRE','PARENTS','097555','SKSU','2018','GRADE 12','2019-12-11'),(262,4,'1011-2225-5555','LAST NAME','FIRST NAME','M','ADDRE','PARENTS','097555','SKSU','2018','GRADE 12','2019-12-11'),(263,4,'1011-2225-5555','LAST NAME','FIRST NAME','M','ADDRE','PARENTS','097555','SKSU','2018','GRADE 12','2019-12-11'),(264,4,'1011-2225-5555','LAST NAME','FIRST NAME','M','ADDRE','PARENTS','097555','SKSU','2018','GRADE 12','2019-12-11'),(265,4,'1011-2225-5555','LAST NAME','FIRST NAME','M','ADDRE','PARENTS','097555','SKSU','2018','GRADE 12','2019-12-11'),(266,4,'1011-2225-5555','LAST NAME','FIRST NAME','M','ADDRE','PARENTS','097555','SKSU','2018','GRADE 12','2019-12-11'),(267,4,'1011-2225-5555','LAST NAME','FIRST NAME','M','ADDRE','PARENTS','097555','SKSU','2018','GRADE 12','2019-12-11'),(268,4,'1011-2225-5555','LAST NAME','FIRST NAME','M','ADDRE','PARENTS','097555','SKSU','2018','GRADE 12','2019-12-11'),(269,4,'1011-2225-5555','LAST NAME','FIRST NAME','M','ADDRE','PARENTS','097555','SKSU','2018','GRADE 12','2019-12-11'),(270,4,'1011-2225-5555','LAST NAME','FIRST NAME','M','ADDRE','PARENTS','097555','SKSU','2018','GRADE 12','2019-12-11'),(271,4,'1011-2225-5555','LAST NAME','FIRST NAME','M','ADDRE','PARENTS','097555','SKSU','2018','GRADE 12','2019-12-11'),(272,4,'1011-2225-5555','LAST NAME','FIRST NAME','M','ADDRE','PARENTS','097555','SKSU','2018','GRADE 12','2019-12-11'),(273,4,'1011-2225-5555','LAST NAME','FIRST NAME','M','ADDRE','PARENTS','097555','SKSU','2018','GRADE 12','2019-12-11'),(274,4,'1011-2225-5555','LAST NAME','FIRST NAME','M','ADDRE','PARENTS','097555','SKSU','2018','GRADE 12','2019-12-11'),(275,4,'1011-2225-5555','LAST NAME','FIRST NAME','M','ADDRE','PARENTS','097555','SKSU','2018','GRADE 12','2019-12-11'),(276,4,'1011-2225-5555','LAST NAME','FIRST NAME','M','ADDRE','PARENTS','097555','SKSU','2018','GRADE 12','2019-12-11'),(277,4,'1011-2225-5555','LAST NAME','FIRST NAME','M','ADDRE','PARENTS','097555','SKSU','2018','GRADE 12','2019-12-11'),(278,4,'1011-2225-5555','LAST NAME','FIRST NAME','M','ADDRE','PARENTS','097555','SKSU','2018','GRADE 12','2019-12-11'),(279,4,'1011-2225-5555','LAST NAME','FIRST NAME','M','ADDRE','PARENTS','097555','SKSU','2018','GRADE 12','2019-12-11'),(280,4,'1011-2225-5555','LAST NAME','FIRST NAME','M','ADDRE','PARENTS','097555','SKSU','2018','GRADE 12','2019-12-11'),(281,4,'1011-2225-5555','LAST NAME','FIRST NAME','M','ADDRE','PARENTS','097555','SKSU','2018','GRADE 12','2019-12-11'),(282,4,'1011-2225-5555','LAST NAME','FIRST NAME','M','ADDRE','PARENTS','097555','SKSU','2018','GRADE 12','2019-12-11'),(283,4,'1011-2225-5555','LAST NAME','FIRST NAME','M','ADDRE','PARENTS','097555','SKSU','2018','GRADE 12','2019-12-11'),(284,4,'1011-2225-5555','LAST NAME','FIRST NAME','M','ADDRE','PARENTS','097555','SKSU','2018','GRADE 12','2019-12-11'),(285,4,'1011-2225-5555','LAST NAME','FIRST NAME','M','ADDRE','PARENTS','097555','SKSU','2018','GRADE 12','2019-12-11'),(286,4,'1011-2225-5555','LAST NAME','FIRST NAME','M','ADDRE','PARENTS','097555','SKSU','2018','GRADE 12','2019-12-11'),(287,4,'1011-2225-5555','LAST NAME','FIRST NAME','M','ADDRE','PARENTS','097555','SKSU','2018','GRADE 12','2019-12-11'),(288,4,'1011-2225-5555','LAST NAME','FIRST NAME','M','ADDRE','PARENTS','097555','SKSU','2018','GRADE 12','2019-12-11'),(289,4,'1011-2225-5555','LAST NAME','FIRST NAME','M','ADDRE','PARENTS','097555','SKSU','2018','GRADE 12','2019-12-11'),(290,4,'1011-2225-5555','LAST NAME','FIRST NAME','M','ADDRE','PARENTS','097555','SKSU','2018','GRADE 12','2019-12-11'),(291,4,'1011-2225-5555','LAST NAME','FIRST NAME','M','ADDRE','PARENTS','097555','SKSU','2018','GRADE 12','2019-12-11'),(292,4,'1011-2225-5555','LAST NAME','FIRST NAME','M','ADDRE','PARENTS','097555','SKSU','2018','GRADE 12','2019-12-11'),(293,4,'1011-2225-5555','LAST NAME','FIRST NAME','M','ADDRE','PARENTS','097555','SKSU','2018','GRADE 12','2019-12-11'),(294,4,'1011-2225-5555','LAST NAME','FIRST NAME','M','ADDRE','PARENTS','097555','SKSU','2018','GRADE 12','2019-12-11'),(295,4,'1011-2225-5555','LAST NAME','FIRST NAME','M','ADDRE','PARENTS','097555','SKSU','2018','GRADE 12','2019-12-11'),(296,4,'1011-2225-5555','LAST NAME','FIRST NAME','M','ADDRE','PARENTS','097555','SKSU','2018','GRADE 12','2019-12-11'),(297,4,'1011-2225-5555','LAST NAME','FIRST NAME','M','ADDRE','PARENTS','097555','SKSU','2018','GRADE 12','2019-12-11'),(298,4,'1011-2225-5555','LAST NAME','FIRST NAME','M','ADDRE','PARENTS','097555','SKSU','2018','GRADE 12','2019-12-11'),(299,4,'1011-2225-5555','LAST NAME','FIRST NAME','M','ADDRE','PARENTS','097555','SKSU','2018','GRADE 12','2019-12-11'),(300,4,'1011-2225-5555','LAST NAME','FIRST NAME','M','ADDRE','PARENTS','097555','SKSU','2018','GRADE 12','2019-12-11'),(301,1,'1011-2225-5555','LAST NAME','FIRST NAME','M','ADDRE','PARENTS','097555','SKSU','2018','GRADE 12','2019-12-11'),(302,1,'1011-2225-5555','LAST NAME','FIRST NAME','M','ADDRE','PARENTS','097555','SKSU','2018','GRADE 12','2019-12-11'),(303,1,'1011-2225-5555','LAST NAME','FIRST NAME','M','ADDRE','PARENTS','097555','SKSU','2018','GRADE 12','2019-12-11'),(304,1,'1011-2225-5555','LAST NAME','FIRST NAME','M','ADDRE','PARENTS','097555','SKSU','2018','GRADE 12','2019-12-11'),(305,1,'1011-2225-5555','LAST NAME','FIRST NAME','M','ADDRE','PARENTS','097555','SKSU','2018','GRADE 12','2019-12-11'),(306,1,'1011-2225-5555','LAST NAME','FIRST NAME','M','ADDRE','PARENTS','097555','SKSU','2018','GRADE 12','2019-12-11'),(307,1,'1011-2225-5555','LAST NAME','FIRST NAME','M','ADDRE','PARENTS','097555','SKSU','2018','GRADE 12','2019-12-11'),(308,1,'1011-2225-5555','LAST NAME','FIRST NAME','M','ADDRE','PARENTS','097555','SKSU','2018','GRADE 12','2019-12-11'),(309,1,'1011-2225-5555','LAST NAME','FIRST NAME','M','ADDRE','PARENTS','097555','SKSU','2018','GRADE 12','2019-12-11'),(310,1,'1011-2225-5555','LAST NAME','FIRST NAME','M','ADDRE','PARENTS','097555','SKSU','2018','GRADE 12','2019-12-11'),(311,1,'1011-2225-5555','LAST NAME','FIRST NAME','M','ADDRE','PARENTS','097555','SKSU','2018','GRADE 12','2019-12-11'),(312,1,'1011-2225-5555','LAST NAME','FIRST NAME','M','ADDRE','PARENTS','097555','SKSU','2018','GRADE 12','2019-12-11'),(313,1,'1011-2225-5555','LAST NAME','FIRST NAME','M','ADDRE','PARENTS','097555','SKSU','2018','GRADE 12','2019-12-11'),(314,1,'1011-2225-5555','LAST NAME','FIRST NAME','M','ADDRE','PARENTS','097555','SKSU','2018','GRADE 12','2019-12-11'),(315,1,'1011-2225-5555','LAST NAME','FIRST NAME','M','ADDRE','PARENTS','097555','SKSU','2018','GRADE 12','2019-12-11'),(316,1,'1011-2225-5555','LAST NAME','FIRST NAME','M','ADDRE','PARENTS','097555','SKSU','2018','GRADE 12','2019-12-11'),(317,1,'1011-2225-5555','LAST NAME','FIRST NAME','M','ADDRE','PARENTS','097555','SKSU','2018','GRADE 12','2019-12-11'),(319,1,'1011-2225-5555','LAST NAME','FIRST NAME','M','ADDRE','PARENTS','097555','SKSU','2018','GRADE 12','2019-12-11'),(320,1,'1011-2225-5555','LAST NAME','FIRST NAME','M','ADDRE','PARENTS','097555','SKSU','2018','GRADE 12','2019-12-11'),(323,1,'1011-2225-5555','LAST NAME','FIRST NAME','M','ADDRE','PARENTS','097555','SKSU','2018','GRADE 12','2019-12-11'),(324,1,'1011-2225-5555','LAST NAME','FIRST NAME','M','ADDRE','PARENTS','097555','SKSU','2018','GRADE 12','2019-12-11'),(325,1,'1011-2225-5555','LAST NAME','FIRST NAME','M','ADDRE','PARENTS','097555','SKSU','2018','GRADE 12','2019-12-11'),(326,1,'1011-2225-5555','LAST NAME','FIRST NAME','M','ADDRE','PARENTS','097555','SKSU','2018','GRADE 12','2019-12-11'),(327,1,'1011-2225-5555','LAST NAME','FIRST NAME','M','ADDRE','PARENTS','097555','SKSU','2018','GRADE 12','2019-12-11'),(328,1,'1011-2225-5555','LAST NAME','FIRST NAME','M','ADDRE','PARENTS','097555','SKSU','2018','GRADE 12','2019-12-11'),(329,1,'1011-2225-5555','LAST NAME','FIRST NAME','M','ADDRE','PARENTS','097555','SKSU','2018','GRADE 12','2019-12-11'),(330,1,'1011-2225-5555','LAST NAME','FIRST NAME','M','ADDRE','PARENTS','097555','SKSU','2018','GRADE 12','2019-12-11'),(331,1,'1011-2225-5555','LAST NAME','FIRST NAME','M','ADDRE','PARENTS','097555','SKSU','2018','GRADE 12','2019-12-11'),(332,1,'1011-2225-5555','LAST NAME','FIRST NAME','M','ADDRE','PARENTS','097555','SKSU','2018','GRADE 12','2019-12-11'),(333,1,'1011-2225-5555','LAST NAME','FIRST NAME','M','ADDRE','PARENTS','097555','SKSU','2018','GRADE 12','2019-12-11'),(334,1,'1011-2225-5555','LAST NAME','FIRST NAME','M','ADDRE','PARENTS','097555','SKSU','2018','GRADE 12','2019-12-11'),(335,1,'1011-2225-5555','LAST NAME','FIRST NAME','M','ADDRE','PARENTS','097555','SKSU','2018','GRADE 12','2019-12-11'),(336,1,'1011-2225-5555','LAST NAME','FIRST NAME','M','ADDRE','PARENTS','097555','SKSU','2018','GRADE 12','2019-12-11'),(337,1,'1011-2225-5555','LAST NAME','FIRST NAME','M','ADDRE','PARENTS','097555','SKSU','2018','GRADE 12','2019-12-11'),(338,1,'1011-2225-5555','LAST NAME','FIRST NAME','M','ADDRE','PARENTS','097555','SKSU','2018','GRADE 12','2019-12-11'),(339,1,'1011-2225-5555','LAST NAME','FIRST NAME','M','ADDRE','PARENTS','097555','SKSU','2018','GRADE 12','2019-12-11'),(340,1,'1011-2225-5555','LAST NAME','FIRST NAME','M','ADDRE','PARENTS','097555','SKSU','2018','GRADE 12','2019-12-11'),(341,1,'1011-2225-5555','LAST NAME','FIRST NAME','M','ADDRE','PARENTS','097555','SKSU','2018','GRADE 12','2019-12-11'),(342,1,'1011-2225-5555','LAST NAME','FIRST NAME','M','ADDRE','PARENTS','097555','SKSU','2018','GRADE 12','2019-12-11'),(343,1,'1011-2225-5555','LAST NAME','FIRST NAME','M','ADDRE','PARENTS','097555','SKSU','2018','GRADE 12','2019-12-11'),(344,1,'1011-2225-5555','LAST NAME','FIRST NAME','M','ADDRE','PARENTS','097555','SKSU','2018','GRADE 12','2019-12-11'),(345,1,'1011-2225-5555','LAST NAME','FIRST NAME','M','ADDRE','PARENTS','097555','SKSU','2018','GRADE 12','2019-12-11'),(346,1,'1011-2225-5555','LAST NAME','FIRST NAME','M','ADDRE','PARENTS','097555','SKSU','2018','GRADE 12','2019-12-11'),(347,1,'1011-2225-5555','LAST NAME','FIRST NAME','M','ADDRE','PARENTS','097555','SKSU','2018','GRADE 12','2019-12-11'),(348,1,'1011-2225-5555','LAST NAME','FIRST NAME','M','ADDRE','PARENTS','097555','SKSU','2018','GRADE 12','2019-12-11'),(349,1,'1011-2225-5555','LAST NAME','FIRST NAME','M','ADDRE','PARENTS','097555','SKSU','2018','GRADE 12','2019-12-11'),(350,1,'1011-2225-5555','LAST NAME','FIRST NAME','M','ADDRE','PARENTS','097555','SKSU','2018','GRADE 12','2019-12-11'),(351,1,'1011-2225-5555','LAST NAME','FIRST NAME','M','ADDRE','PARENTS','097555','SKSU','2018','GRADE 12','2019-12-11'),(352,1,'1011-2225-5555','LAST NAME','FIRST NAME','M','ADDRE','PARENTS','097555','SKSU','2018','GRADE 12','2019-12-11'),(353,1,'1011-2225-5555','LAST NAME','FIRST NAME','M','ADDRE','PARENTS','097555','SKSU','2018','GRADE 12','2019-12-11'),(354,1,'1011-2225-5555','LAST NAME','FIRST NAME','M','ADDRE','PARENTS','097555','SKSU','2018','GRADE 12','2019-12-11'),(355,1,'1011-2225-5555','LAST NAME','FIRST NAME','M','ADDRE','PARENTS','097555','SKSU','2018','GRADE 12','2019-12-11'),(356,1,'1011-2225-5555','LAST NAME','FIRST NAME','M','ADDRE','PARENTS','097555','SKSU','2018','GRADE 12','2019-12-11'),(357,1,'1011-2225-5555','LAST NAME','FIRST NAME','M','ADDRE','PARENTS','097555','SKSU','2018','GRADE 12','2019-12-11'),(358,1,'1011-2225-5555','LAST NAME','FIRST NAME','M','ADDRE','PARENTS','097555','SKSU','2018','GRADE 12','2019-12-11'),(359,1,'1011-2225-5555','LAST NAME','FIRST NAME','M','ADDRE','PARENTS','097555','SKSU','2018','GRADE 12','2019-12-11'),(360,1,'1011-2225-5555','LAST NAME','FIRST NAME','M','ADDRE','PARENTS','097555','SKSU','2018','GRADE 12','2019-12-11'),(361,1,'1011-2225-5555','LAST NAME','FIRST NAME','M','ADDRE','PARENTS','097555','SKSU','2018','GRADE 12','2019-12-11'),(362,1,'1011-2225-5555','LAST NAME','FIRST NAME','M','ADDRE','PARENTS','097555','SKSU','2018','GRADE 12','2019-12-11'),(363,1,'1011-2225-5555','LAST NAME','FIRST NAME','M','ADDRE','PARENTS','097555','SKSU','2018','GRADE 12','2019-12-11'),(364,1,'1011-2225-5555','LAST NAME','FIRST NAME','M','ADDRE','PARENTS','097555','SKSU','2018','GRADE 12','2019-12-11'),(365,1,'1011-2225-5555','LAST NAME','FIRST NAME','M','ADDRE','PARENTS','097555','SKSU','2018','GRADE 12','2019-12-11'),(366,1,'1011-2225-5555','LAST NAME','FIRST NAME','M','ADDRE','PARENTS','097555','SKSU','2018','GRADE 12','2019-12-11'),(367,1,'1011-2225-5555','LAST NAME','FIRST NAME','M','ADDRE','PARENTS','097555','SKSU','2018','GRADE 12','2019-12-11'),(368,1,'1011-2225-5555','LAST NAME','FIRST NAME','M','ADDRE','PARENTS','097555','SKSU','2018','GRADE 12','2019-12-11'),(369,1,'1011-2225-5555','LAST NAME','FIRST NAME','M','ADDRE','PARENTS','097555','SKSU','2018','GRADE 12','2019-12-11'),(370,1,'1011-2225-5555','LAST NAME','FIRST NAME','M','ADDRE','PARENTS','097555','SKSU','2018','GRADE 12','2019-12-11'),(371,1,'1011-2225-5555','LAST NAME','FIRST NAME','M','ADDRE','PARENTS','097555','SKSU','2018','GRADE 12','2019-12-11'),(372,1,'1011-2225-5555','LAST NAME','FIRST NAME','M','ADDRE','PARENTS','097555','SKSU','2018','GRADE 12','2019-12-11'),(373,1,'1011-2225-5555','LAST NAME','FIRST NAME','M','ADDRE','PARENTS','097555','SKSU','2018','GRADE 12','2019-12-11'),(374,1,'1011-2225-5555','LAST NAME','FIRST NAME','M','ADDRE','PARENTS','097555','SKSU','2018','GRADE 12','2019-12-11'),(375,1,'1011-2225-5555','LAST NAME','FIRST NAME','M','ADDRE','PARENTS','097555','SKSU','2018','GRADE 12','2019-12-11'),(376,1,'1011-2225-5555','LAST NAME','FIRST NAME','M','ADDRE','PARENTS','097555','SKSU','2018','GRADE 12','2019-12-11'),(377,1,'1011-2225-5555','LAST NAME','FIRST NAME','M','ADDRE','PARENTS','097555','SKSU','2018','GRADE 12','2019-12-11'),(378,1,'1011-2225-5555','LAST NAME','FIRST NAME','M','ADDRE','PARENTS','097555','SKSU','2018','GRADE 12','2019-12-11'),(379,1,'1011-2225-5555','LAST NAME','FIRST NAME','M','ADDRE','PARENTS','097555','SKSU','2018','GRADE 12','2019-12-11'),(380,1,'1011-2225-5555','LAST NAME','FIRST NAME','M','ADDRE','PARENTS','097555','SKSU','2018','GRADE 12','2019-12-11'),(381,1,'1011-2225-5555','LAST NAME','FIRST NAME','M','ADDRE','PARENTS','097555','SKSU','2018','GRADE 12','2019-12-11'),(382,1,'1011-2225-5555','LAST NAME','FIRST NAME','M','ADDRE','PARENTS','097555','SKSU','2018','GRADE 12','2019-12-11'),(383,1,'1011-2225-5555','LAST NAME','FIRST NAME','M','ADDRE','PARENTS','097555','SKSU','2018','GRADE 12','2019-12-11'),(384,1,'1011-2225-5555','LAST NAME','FIRST NAME','M','ADDRE','PARENTS','097555','SKSU','2018','GRADE 12','2019-12-11'),(385,1,'1011-2225-5555','LAST NAME','FIRST NAME','M','ADDRE','PARENTS','097555','SKSU','2018','GRADE 12','2019-12-11'),(386,1,'1011-2225-5555','LAST NAME','FIRST NAME','M','ADDRE','PARENTS','097555','SKSU','2018','GRADE 12','2019-12-11'),(387,1,'1011-2225-5555','LAST NAME','FIRST NAME','M','ADDRE','PARENTS','097555','SKSU','2018','GRADE 12','2019-12-11'),(388,1,'1011-2225-5555','LAST NAME','FIRST NAME','M','ADDRE','PARENTS','097555','SKSU','2018','GRADE 12','2019-12-11'),(389,1,'1011-2225-5555','LAST NAME','FIRST NAME','M','ADDRE','PARENTS','097555','SKSU','2018','GRADE 12','2019-12-11'),(390,1,'1011-2225-5555','LAST NAME','FIRST NAME','M','ADDRE','PARENTS','097555','SKSU','2018','GRADE 12','2019-12-11'),(391,1,'1011-2225-5555','LAST NAME','FIRST NAME','M','ADDRE','PARENTS','097555','SKSU','2018','GRADE 12','2019-12-11'),(392,1,'1011-2225-5555','LAST NAME','FIRST NAME','M','ADDRE','PARENTS','097555','SKSU','2018','GRADE 12','2019-12-11'),(393,1,'1011-2225-5555','LAST NAME','FIRST NAME','M','ADDRE','PARENTS','097555','SKSU','2018','GRADE 12','2019-12-11'),(394,1,'1011-2225-5555','LAST NAME','FIRST NAME','M','ADDRE','PARENTS','097555','SKSU','2018','GRADE 12','2019-12-11'),(395,1,'1011-2225-5555','LAST NAME','FIRST NAME','M','ADDRE','PARENTS','097555','SKSU','2018','GRADE 12','2019-12-11'),(396,1,'1011-2225-5555','LAST NAME','FIRST NAME','M','ADDRE','PARENTS','097555','SKSU','2018','GRADE 12','2019-12-11'),(397,1,'1011-2225-5555','LAST NAME','FIRST NAME','M','ADDRE','PARENTS','097555','SKSU','2018','GRADE 12','2019-12-11'),(398,1,'1011-2225-5555','LAST NAME','FIRST NAME','M','ADDRE','PARENTS','097555','SKSU','2018','GRADE 12','2019-12-11'),(399,1,'1011-2225-5555','LAST NAME','FIRST NAME','M','ADDRE','PARENTS','097555','SKSU','2018','GRADE 12','2019-12-11'),(400,4,'1011-2225-5555','LAST NAME','FIRST NAME','M','ADDRE','PARENTS','097555','SKSU','2018','GRADE 12','2019-12-11'),(401,10,'1011-2225-5555','LAST NAME','FIRST NAME','M','ADDRE','PARENTS','097555','SKSU','2018','GRADE 12','2019-12-11'),(402,10,'1011-2225-5555','LAST NAME','FIRST NAME','M','ADDRE','PARENTS','097555','SKSU','2018','GRADE 12','2019-12-11'),(403,10,'1011-2225-5555','LAST NAME','FIRST NAME','M','ADDRE','PARENTS','097555','SKSU','2018','GRADE 12','2019-12-11'),(404,10,'1011-2225-5555','LAST NAME','FIRST NAME','M','ADDRE','PARENTS','097555','SKSU','2018','GRADE 12','2019-12-11'),(405,10,'1011-2225-5555','LAST NAME','FIRST NAME','M','ADDRE','PARENTS','097555','SKSU','2018','GRADE 12','2019-12-11'),(406,10,'1011-2225-5555','LAST NAME','FIRST NAME','M','ADDRE','PARENTS','097555','SKSU','2018','GRADE 12','2019-12-11'),(407,10,'1011-2225-5555','LAST NAME','FIRST NAME','M','ADDRE','PARENTS','097555','SKSU','2018','GRADE 12','2019-12-11'),(408,10,'1011-2225-5555','LAST NAME','FIRST NAME','M','ADDRE','PARENTS','097555','SKSU','2018','GRADE 12','2019-12-11'),(409,10,'1011-2225-5555','LAST NAME','FIRST NAME','M','ADDRE','PARENTS','097555','SKSU','2018','GRADE 12','2019-12-11'),(410,10,'1011-2225-5555','LAST NAME','FIRST NAME','M','ADDRE','PARENTS','097555','SKSU','2018','GRADE 12','2019-12-11'),(411,10,'1011-2225-5555','LAST NAME','FIRST NAME','M','ADDRE','PARENTS','097555','SKSU','2018','GRADE 12','2019-12-11'),(412,10,'1011-2225-5555','LAST NAME','FIRST NAME','M','ADDRE','PARENTS','097555','SKSU','2018','GRADE 12','2019-12-11'),(413,10,'1011-2225-5555','LAST NAME','FIRST NAME','M','ADDRE','PARENTS','097555','SKSU','2018','GRADE 12','2019-12-11'),(414,10,'1011-2225-5555','LAST NAME','FIRST NAME','M','ADDRE','PARENTS','097555','SKSU','2018','GRADE 12','2019-12-11'),(415,10,'1011-2225-5555','LAST NAME','FIRST NAME','M','ADDRE','PARENTS','097555','SKSU','2018','GRADE 12','2019-12-11'),(416,10,'1011-2225-5555','LAST NAME','FIRST NAME','M','ADDRE','PARENTS','097555','SKSU','2018','GRADE 12','2019-12-11'),(417,10,'1011-2225-5555','LAST NAME','FIRST NAME','M','ADDRE','PARENTS','097555','SKSU','2018','GRADE 12','2019-12-11'),(418,10,'1011-2225-5555','LAST NAME','FIRST NAME','M','ADDRE','PARENTS','097555','SKSU','2018','GRADE 12','2019-12-11'),(419,10,'1011-2225-5555','LAST NAME','FIRST NAME','M','ADDRE','PARENTS','097555','SKSU','2018','GRADE 12','2019-12-11'),(420,10,'1011-2225-5555','LAST NAME','FIRST NAME','M','ADDRE','PARENTS','097555','SKSU','2018','GRADE 12','2019-12-11'),(421,10,'1011-2225-5555','LAST NAME','FIRST NAME','M','ADDRE','PARENTS','097555','SKSU','2018','GRADE 12','2019-12-11'),(422,10,'1011-2225-5555','LAST NAME','FIRST NAME','M','ADDRE','PARENTS','097555','SKSU','2018','GRADE 12','2019-12-11'),(423,10,'1011-2225-5555','LAST NAME','FIRST NAME','M','ADDRE','PARENTS','097555','SKSU','2018','GRADE 12','2019-12-11'),(424,10,'1011-2225-5555','LAST NAME','FIRST NAME','M','ADDRE','PARENTS','097555','SKSU','2018','GRADE 12','2019-12-11'),(425,10,'1011-2225-5555','LAST NAME','FIRST NAME','M','ADDRE','PARENTS','097555','SKSU','2018','GRADE 12','2019-12-11'),(426,10,'1011-2225-5555','LAST NAME','FIRST NAME','M','ADDRE','PARENTS','097555','SKSU','2018','GRADE 12','2019-12-11'),(427,10,'1011-2225-5555','LAST NAME','FIRST NAME','M','ADDRE','PARENTS','097555','SKSU','2018','GRADE 12','2019-12-11'),(428,10,'1011-2225-5555','LAST NAME','FIRST NAME','M','ADDRE','PARENTS','097555','SKSU','2018','GRADE 12','2019-12-11'),(429,10,'1011-2225-5555','LAST NAME','FIRST NAME','M','ADDRE','PARENTS','097555','SKSU','2018','GRADE 12','2019-12-11'),(430,10,'1011-2225-5555','LAST NAME','FIRST NAME','M','ADDRE','PARENTS','097555','SKSU','2018','GRADE 12','2019-12-11'),(431,10,'1011-2225-5555','LAST NAME','FIRST NAME','M','ADDRE','PARENTS','097555','SKSU','2018','GRADE 12','2019-12-11'),(432,10,'1011-2225-5555','LAST NAME','FIRST NAME','M','ADDRE','PARENTS','097555','SKSU','2018','GRADE 12','2019-12-11'),(433,10,'1011-2225-5555','LAST NAME','FIRST NAME','M','ADDRE','PARENTS','097555','SKSU','2018','GRADE 12','2019-12-11'),(434,10,'1011-2225-5555','LAST NAME','FIRST NAME','M','ADDRE','PARENTS','097555','SKSU','2018','GRADE 12','2019-12-11'),(435,10,'1011-2225-5555','LAST NAME','FIRST NAME','M','ADDRE','PARENTS','097555','SKSU','2018','GRADE 12','2019-12-11'),(436,10,'1011-2225-5555','LAST NAME','FIRST NAME','M','ADDRE','PARENTS','097555','SKSU','2018','GRADE 12','2019-12-11'),(437,10,'1011-2225-5555','LAST NAME','FIRST NAME','M','ADDRE','PARENTS','097555','SKSU','2018','GRADE 12','2019-12-11'),(438,10,'1011-2225-5555','LAST NAME','FIRST NAME','M','ADDRE','PARENTS','097555','SKSU','2018','GRADE 12','2019-12-11'),(439,10,'1011-2225-5555','LAST NAME','FIRST NAME','M','ADDRE','PARENTS','097555','SKSU','2018','GRADE 12','2019-12-11'),(440,10,'1011-2225-5555','LAST NAME','FIRST NAME','M','ADDRE','PARENTS','097555','SKSU','2018','GRADE 12','2019-12-11'),(441,10,'1011-2225-5555','LAST NAME','FIRST NAME','M','ADDRE','PARENTS','097555','SKSU','2018','GRADE 12','2019-12-11'),(442,10,'1011-2225-5555','LAST NAME','FIRST NAME','M','ADDRE','PARENTS','097555','SKSU','2018','GRADE 12','2019-12-11'),(443,10,'1011-2225-5555','LAST NAME','FIRST NAME','M','ADDRE','PARENTS','097555','SKSU','2018','GRADE 12','2019-12-11'),(444,10,'1011-2225-5555','LAST NAME','FIRST NAME','M','ADDRE','PARENTS','097555','SKSU','2018','GRADE 12','2019-12-11'),(445,10,'1011-2225-5555','LAST NAME','FIRST NAME','M','ADDRE','PARENTS','097555','SKSU','2018','GRADE 12','2019-12-11'),(446,10,'1011-2225-5555','LAST NAME','FIRST NAME','M','ADDRE','PARENTS','097555','SKSU','2018','GRADE 12','2019-12-11'),(447,10,'1011-2225-5555','LAST NAME','FIRST NAME','M','ADDRE','PARENTS','097555','SKSU','2018','GRADE 12','2019-12-11'),(448,10,'1011-2225-5555','LAST NAME','FIRST NAME','M','ADDRE','PARENTS','097555','SKSU','2018','GRADE 12','2019-12-11'),(449,10,'1011-2225-5555','LAST NAME','FIRST NAME','M','ADDRE','PARENTS','097555','SKSU','2018','GRADE 12','2019-12-11'),(450,10,'1011-2225-5555','LAST NAME','FIRST NAME','M','ADDRE','PARENTS','097555','SKSU','2018','GRADE 12','2019-12-11'),(451,10,'1011-2225-5555','LAST NAME','FIRST NAME','M','ADDRE','PARENTS','097555','SKSU','2018','GRADE 12','2019-12-11'),(452,10,'1011-2225-5555','LAST NAME','FIRST NAME','M','ADDRE','PARENTS','097555','SKSU','2018','GRADE 12','2019-12-11'),(453,10,'1011-2225-5555','LAST NAME','FIRST NAME','M','ADDRE','PARENTS','097555','SKSU','2018','GRADE 12','2019-12-11'),(454,10,'1011-2225-5555','LAST NAME','FIRST NAME','M','ADDRE','PARENTS','097555','SKSU','2018','GRADE 12','2019-12-11'),(455,10,'1011-2225-5555','LAST NAME','FIRST NAME','M','ADDRE','PARENTS','097555','SKSU','2018','GRADE 12','2019-12-11'),(456,10,'1011-2225-5555','LAST NAME','FIRST NAME','M','ADDRE','PARENTS','097555','SKSU','2018','GRADE 12','2019-12-11'),(457,10,'1011-2225-5555','LAST NAME','FIRST NAME','M','ADDRE','PARENTS','097555','SKSU','2018','GRADE 12','2019-12-11'),(458,10,'1011-2225-5555','LAST NAME','FIRST NAME','M','ADDRE','PARENTS','097555','SKSU','2018','GRADE 12','2019-12-11'),(459,10,'1011-2225-5555','LAST NAME','FIRST NAME','M','ADDRE','PARENTS','097555','SKSU','2018','GRADE 12','2019-12-11'),(460,10,'1011-2225-5555','LAST NAME','FIRST NAME','M','ADDRE','PARENTS','097555','SKSU','2018','GRADE 12','2019-12-11'),(461,10,'1011-2225-5555','LAST NAME','FIRST NAME','M','ADDRE','PARENTS','097555','SKSU','2018','GRADE 12','2019-12-11'),(462,10,'1011-2225-5555','LAST NAME','FIRST NAME','M','ADDRE','PARENTS','097555','SKSU','2018','GRADE 12','2019-12-11'),(463,10,'1011-2225-5555','LAST NAME','FIRST NAME','M','ADDRE','PARENTS','097555','SKSU','2018','GRADE 12','2019-12-11'),(464,10,'1011-2225-5555','LAST NAME','FIRST NAME','M','ADDRE','PARENTS','097555','SKSU','2018','GRADE 12','2019-12-11'),(465,10,'1011-2225-5555','LAST NAME','FIRST NAME','M','ADDRE','PARENTS','097555','SKSU','2018','GRADE 12','2019-12-11'),(466,10,'1011-2225-5555','LAST NAME','FIRST NAME','M','ADDRE','PARENTS','097555','SKSU','2018','GRADE 12','2019-12-11'),(467,10,'1011-2225-5555','LAST NAME','FIRST NAME','M','ADDRE','PARENTS','097555','SKSU','2018','GRADE 12','2019-12-11'),(468,10,'1011-2225-5555','LAST NAME','FIRST NAME','M','ADDRE','PARENTS','097555','SKSU','2018','GRADE 12','2019-12-11'),(469,10,'1011-2225-5555','LAST NAME','FIRST NAME','M','ADDRE','PARENTS','097555','SKSU','2018','GRADE 12','2019-12-11'),(470,10,'1011-2225-5555','LAST NAME','FIRST NAME','M','ADDRE','PARENTS','097555','SKSU','2018','GRADE 12','2019-12-11'),(471,10,'1011-2225-5555','LAST NAME','FIRST NAME','M','ADDRE','PARENTS','097555','SKSU','2018','GRADE 12','2019-12-11'),(472,10,'1011-2225-5555','LAST NAME','FIRST NAME','M','ADDRE','PARENTS','097555','SKSU','2018','GRADE 12','2019-12-11'),(473,10,'1011-2225-5555','LAST NAME','FIRST NAME','M','ADDRE','PARENTS','097555','SKSU','2018','GRADE 12','2019-12-11'),(474,10,'1011-2225-5555','LAST NAME','FIRST NAME','M','ADDRE','PARENTS','097555','SKSU','2018','GRADE 12','2019-12-11'),(475,10,'1011-2225-5555','LAST NAME','FIRST NAME','M','ADDRE','PARENTS','097555','SKSU','2018','GRADE 12','2019-12-11'),(476,10,'1011-2225-5555','LAST NAME','FIRST NAME','M','ADDRE','PARENTS','097555','SKSU','2018','GRADE 12','2019-12-11'),(477,10,'1011-2225-5555','LAST NAME','FIRST NAME','M','ADDRE','PARENTS','097555','SKSU','2018','GRADE 12','2019-12-11'),(478,10,'1011-2225-5555','LAST NAME','FIRST NAME','M','ADDRE','PARENTS','097555','SKSU','2018','GRADE 12','2019-12-11'),(479,10,'1011-2225-5555','LAST NAME','FIRST NAME','M','ADDRE','PARENTS','097555','SKSU','2018','GRADE 12','2019-12-11'),(480,10,'1011-2225-5555','LAST NAME','FIRST NAME','M','ADDRE','PARENTS','097555','SKSU','2018','GRADE 12','2019-12-11'),(481,10,'1011-2225-5555','LAST NAME','FIRST NAME','M','ADDRE','PARENTS','097555','SKSU','2018','GRADE 12','2019-12-11'),(482,10,'1011-2225-5555','LAST NAME','FIRST NAME','M','ADDRE','PARENTS','097555','SKSU','2018','GRADE 12','2019-12-11'),(483,10,'1011-2225-5555','LAST NAME','FIRST NAME','M','ADDRE','PARENTS','097555','SKSU','2018','GRADE 12','2019-12-11'),(484,10,'1011-2225-5555','LAST NAME','FIRST NAME','M','ADDRE','PARENTS','097555','SKSU','2018','GRADE 12','2019-12-11'),(485,10,'1011-2225-5555','LAST NAME','FIRST NAME','M','ADDRE','PARENTS','097555','SKSU','2018','GRADE 12','2019-12-11'),(486,10,'1011-2225-5555','LAST NAME','FIRST NAME','M','ADDRE','PARENTS','097555','SKSU','2018','GRADE 12','2019-12-11'),(487,10,'1011-2225-5555','LAST NAME','FIRST NAME','M','ADDRE','PARENTS','097555','SKSU','2018','GRADE 12','2019-12-11'),(488,10,'1011-2225-5555','LAST NAME','FIRST NAME','M','ADDRE','PARENTS','097555','SKSU','2018','GRADE 12','2019-12-11'),(489,10,'1011-2225-5555','LAST NAME','FIRST NAME','M','ADDRE','PARENTS','097555','SKSU','2018','GRADE 12','2019-12-11'),(490,10,'1011-2225-5555','LAST NAME','FIRST NAME','M','ADDRE','PARENTS','097555','SKSU','2018','GRADE 12','2019-12-11'),(491,10,'1011-2225-5555','LAST NAME','FIRST NAME','M','ADDRE','PARENTS','097555','SKSU','2018','GRADE 12','2019-12-11'),(492,10,'1011-2225-5555','LAST NAME','FIRST NAME','M','ADDRE','PARENTS','097555','SKSU','2018','GRADE 12','2019-12-11'),(493,10,'1011-2225-5555','LAST NAME','FIRST NAME','M','ADDRE','PARENTS','097555','SKSU','2018','GRADE 12','2019-12-11'),(494,10,'1011-2225-5555','LAST NAME','FIRST NAME','M','ADDRE','PARENTS','097555','SKSU','2018','GRADE 12','2019-12-11'),(495,10,'1011-2225-5555','LAST NAME','FIRST NAME','M','ADDRE','PARENTS','097555','SKSU','2018','GRADE 12','2019-12-11'),(496,10,'1011-2225-5555','LAST NAME','FIRST NAME','M','ADDRE','PARENTS','097555','SKSU','2018','GRADE 12','2019-12-11'),(497,10,'1011-2225-5555','LAST NAME','FIRST NAME','M','ADDRE','PARENTS','097555','SKSU','2018','GRADE 12','2019-12-11'),(498,10,'1011-2225-5555','LAST NAME','FIRST NAME','M','ADDRE','PARENTS','097555','SKSU','2018','GRADE 12','2019-12-11'),(499,10,'1011-2225-5555','LAST NAME','FIRST NAME','M','ADDRE','PARENTS','097555','SKSU','2018','GRADE 12','2019-12-11'),(500,4,'1011-2225-5555','LAST NAME','FIRST NAME','M','ADDRE','PARENTS','097555','SKSU','2018','GRADE 12','2019-12-11'),(501,9,'1011-2225-5555','LAST NAME','FIRST NAME','M','ADDRE','PARENTS','097555','SKSU','2018','GRADE 12','2019-12-11'),(502,9,'1011-2225-5555','LAST NAME','FIRST NAME','M','ADDRE','PARENTS','097555','SKSU','2018','GRADE 12','2019-12-11'),(503,9,'1011-2225-5555','LAST NAME','FIRST NAME','M','ADDRE','PARENTS','097555','SKSU','2018','GRADE 12','2019-12-11'),(504,9,'1011-2225-5555','LAST NAME','FIRST NAME','M','ADDRE','PARENTS','097555','SKSU','2018','GRADE 12','2019-12-11'),(505,9,'1011-2225-5555','LAST NAME','FIRST NAME','M','ADDRE','PARENTS','097555','SKSU','2018','GRADE 12','2019-12-11'),(506,9,'1011-2225-5555','LAST NAME','FIRST NAME','M','ADDRE','PARENTS','097555','SKSU','2018','GRADE 12','2019-12-11'),(507,9,'1011-2225-5555','LAST NAME','FIRST NAME','M','ADDRE','PARENTS','097555','SKSU','2018','GRADE 12','2019-12-11'),(508,9,'1011-2225-5555','LAST NAME','FIRST NAME','M','ADDRE','PARENTS','097555','SKSU','2018','GRADE 12','2019-12-11'),(509,9,'1011-2225-5555','LAST NAME','FIRST NAME','M','ADDRE','PARENTS','097555','SKSU','2018','GRADE 12','2019-12-11'),(510,9,'1011-2225-5555','LAST NAME','FIRST NAME','M','ADDRE','PARENTS','097555','SKSU','2018','GRADE 12','2019-12-11'),(511,9,'1011-2225-5555','LAST NAME','FIRST NAME','M','ADDRE','PARENTS','097555','SKSU','2018','GRADE 12','2019-12-11'),(512,9,'1011-2225-5555','LAST NAME','FIRST NAME','M','ADDRE','PARENTS','097555','SKSU','2018','GRADE 12','2019-12-11'),(513,9,'1011-2225-5555','LAST NAME','FIRST NAME','M','ADDRE','PARENTS','097555','SKSU','2018','GRADE 12','2019-12-11'),(514,9,'1011-2225-5555','LAST NAME','FIRST NAME','M','ADDRE','PARENTS','097555','SKSU','2018','GRADE 12','2019-12-11'),(515,9,'1011-2225-5555','LAST NAME','FIRST NAME','M','ADDRE','PARENTS','097555','SKSU','2018','GRADE 12','2019-12-11'),(516,9,'1011-2225-5555','LAST NAME','FIRST NAME','M','ADDRE','PARENTS','097555','SKSU','2018','GRADE 12','2019-12-11'),(517,9,'1011-2225-5555','LAST NAME','FIRST NAME','M','ADDRE','PARENTS','097555','SKSU','2018','GRADE 12','2019-12-11'),(518,9,'1011-2225-5555','LAST NAME','FIRST NAME','M','ADDRE','PARENTS','097555','SKSU','2018','GRADE 12','2019-12-11'),(519,9,'1011-2225-5555','LAST NAME','FIRST NAME','M','ADDRE','PARENTS','097555','SKSU','2018','GRADE 12','2019-12-11'),(520,9,'1011-2225-5555','LAST NAME','FIRST NAME','M','ADDRE','PARENTS','097555','SKSU','2018','GRADE 12','2019-12-11'),(521,9,'1011-2225-5555','LAST NAME','FIRST NAME','M','ADDRE','PARENTS','097555','SKSU','2018','GRADE 12','2019-12-11'),(522,9,'1011-2225-5555','LAST NAME','FIRST NAME','M','ADDRE','PARENTS','097555','SKSU','2018','GRADE 12','2019-12-11'),(523,9,'1011-2225-5555','LAST NAME','FIRST NAME','M','ADDRE','PARENTS','097555','SKSU','2018','GRADE 12','2019-12-11'),(524,9,'1011-2225-5555','LAST NAME','FIRST NAME','M','ADDRE','PARENTS','097555','SKSU','2018','GRADE 12','2019-12-11'),(525,9,'1011-2225-5555','LAST NAME','FIRST NAME','M','ADDRE','PARENTS','097555','SKSU','2018','GRADE 12','2019-12-11'),(526,9,'1011-2225-5555','LAST NAME','FIRST NAME','M','ADDRE','PARENTS','097555','SKSU','2018','GRADE 12','2019-12-11'),(527,9,'1011-2225-5555','LAST NAME','FIRST NAME','M','ADDRE','PARENTS','097555','SKSU','2018','GRADE 12','2019-12-11'),(528,9,'1011-2225-5555','LAST NAME','FIRST NAME','M','ADDRE','PARENTS','097555','SKSU','2018','GRADE 12','2019-12-11'),(529,9,'1011-2225-5555','LAST NAME','FIRST NAME','M','ADDRE','PARENTS','097555','SKSU','2018','GRADE 12','2019-12-11'),(530,9,'1011-2225-5555','LAST NAME','FIRST NAME','M','ADDRE','PARENTS','097555','SKSU','2018','GRADE 12','2019-12-11'),(531,9,'1011-2225-5555','LAST NAME','FIRST NAME','M','ADDRE','PARENTS','097555','SKSU','2018','GRADE 12','2019-12-11'),(532,9,'1011-2225-5555','LAST NAME','FIRST NAME','M','ADDRE','PARENTS','097555','SKSU','2018','GRADE 12','2019-12-11'),(533,9,'1011-2225-5555','LAST NAME','FIRST NAME','M','ADDRE','PARENTS','097555','SKSU','2018','GRADE 12','2019-12-11'),(534,9,'1011-2225-5555','LAST NAME','FIRST NAME','M','ADDRE','PARENTS','097555','SKSU','2018','GRADE 12','2019-12-11'),(535,9,'1011-2225-5555','LAST NAME','FIRST NAME','M','ADDRE','PARENTS','097555','SKSU','2018','GRADE 12','2019-12-11'),(536,9,'1011-2225-5555','LAST NAME','FIRST NAME','M','ADDRE','PARENTS','097555','SKSU','2018','GRADE 12','2019-12-11'),(537,9,'1011-2225-5555','LAST NAME','FIRST NAME','M','ADDRE','PARENTS','097555','SKSU','2018','GRADE 12','2019-12-11'),(538,9,'1011-2225-5555','LAST NAME','FIRST NAME','M','ADDRE','PARENTS','097555','SKSU','2018','GRADE 12','2019-12-11'),(539,9,'1011-2225-5555','LAST NAME','FIRST NAME','M','ADDRE','PARENTS','097555','SKSU','2018','GRADE 12','2019-12-11'),(540,9,'1011-2225-5555','LAST NAME','FIRST NAME','M','ADDRE','PARENTS','097555','SKSU','2018','GRADE 12','2019-12-11'),(541,9,'1011-2225-5555','LAST NAME','FIRST NAME','M','ADDRE','PARENTS','097555','SKSU','2018','GRADE 12','2019-12-11'),(542,9,'1011-2225-5555','LAST NAME','FIRST NAME','M','ADDRE','PARENTS','097555','SKSU','2018','GRADE 12','2019-12-11'),(543,9,'1011-2225-5555','LAST NAME','FIRST NAME','M','ADDRE','PARENTS','097555','SKSU','2018','GRADE 12','2019-12-11'),(544,9,'1011-2225-5555','LAST NAME','FIRST NAME','M','ADDRE','PARENTS','097555','SKSU','2018','GRADE 12','2019-12-11'),(545,9,'1011-2225-5555','LAST NAME','FIRST NAME','M','ADDRE','PARENTS','097555','SKSU','2018','GRADE 12','2019-12-11'),(546,9,'1011-2225-5555','LAST NAME','FIRST NAME','M','ADDRE','PARENTS','097555','SKSU','2018','GRADE 12','2019-12-11'),(547,9,'1011-2225-5555','LAST NAME','FIRST NAME','M','ADDRE','PARENTS','097555','SKSU','2018','GRADE 12','2019-12-11'),(548,9,'1011-2225-5555','LAST NAME','FIRST NAME','M','ADDRE','PARENTS','097555','SKSU','2018','GRADE 12','2019-12-11'),(549,9,'1011-2225-5555','LAST NAME','FIRST NAME','M','ADDRE','PARENTS','097555','SKSU','2018','GRADE 12','2019-12-11'),(550,9,'1011-2225-5555','LAST NAME','FIRST NAME','M','ADDRE','PARENTS','097555','SKSU','2018','GRADE 12','2019-12-11'),(551,9,'1011-2225-5555','LAST NAME','FIRST NAME','M','ADDRE','PARENTS','097555','SKSU','2018','GRADE 12','2019-12-11'),(552,9,'1011-2225-5555','LAST NAME','FIRST NAME','M','ADDRE','PARENTS','097555','SKSU','2018','GRADE 12','2019-12-11'),(553,9,'1011-2225-5555','LAST NAME','FIRST NAME','M','ADDRE','PARENTS','097555','SKSU','2018','GRADE 12','2019-12-11'),(554,9,'1011-2225-5555','LAST NAME','FIRST NAME','M','ADDRE','PARENTS','097555','SKSU','2018','GRADE 12','2019-12-11'),(555,9,'1011-2225-5555','LAST NAME','FIRST NAME','M','ADDRE','PARENTS','097555','SKSU','2018','GRADE 12','2019-12-11'),(556,9,'1011-2225-5555','LAST NAME','FIRST NAME','M','ADDRE','PARENTS','097555','SKSU','2018','GRADE 12','2019-12-11'),(557,9,'1011-2225-5555','LAST NAME','FIRST NAME','M','ADDRE','PARENTS','097555','SKSU','2018','GRADE 12','2019-12-11'),(558,9,'1011-2225-5555','LAST NAME','FIRST NAME','M','ADDRE','PARENTS','097555','SKSU','2018','GRADE 12','2019-12-11'),(559,9,'1011-2225-5555','LAST NAME','FIRST NAME','M','ADDRE','PARENTS','097555','SKSU','2018','GRADE 12','2019-12-11'),(560,9,'1011-2225-5555','LAST NAME','FIRST NAME','M','ADDRE','PARENTS','097555','SKSU','2018','GRADE 12','2019-12-11'),(561,9,'1011-2225-5555','LAST NAME','FIRST NAME','M','ADDRE','PARENTS','097555','SKSU','2018','GRADE 12','2019-12-11'),(562,9,'1011-2225-5555','LAST NAME','FIRST NAME','M','ADDRE','PARENTS','097555','SKSU','2018','GRADE 12','2019-12-11'),(563,9,'1011-2225-5555','LAST NAME','FIRST NAME','M','ADDRE','PARENTS','097555','SKSU','2018','GRADE 12','2019-12-11'),(564,9,'1011-2225-5555','LAST NAME','FIRST NAME','M','ADDRE','PARENTS','097555','SKSU','2018','GRADE 12','2019-12-11'),(565,9,'1011-2225-5555','LAST NAME','FIRST NAME','M','ADDRE','PARENTS','097555','SKSU','2018','GRADE 12','2019-12-11'),(566,9,'1011-2225-5555','LAST NAME','FIRST NAME','M','ADDRE','PARENTS','097555','SKSU','2018','GRADE 12','2019-12-11'),(567,9,'1011-2225-5555','LAST NAME','FIRST NAME','M','ADDRE','PARENTS','097555','SKSU','2018','GRADE 12','2019-12-11'),(568,9,'1011-2225-5555','LAST NAME','FIRST NAME','M','ADDRE','PARENTS','097555','SKSU','2018','GRADE 12','2019-12-11'),(569,9,'1011-2225-5555','LAST NAME','FIRST NAME','M','ADDRE','PARENTS','097555','SKSU','2018','GRADE 12','2019-12-11'),(570,9,'1011-2225-5555','LAST NAME','FIRST NAME','M','ADDRE','PARENTS','097555','SKSU','2018','GRADE 12','2019-12-11'),(571,9,'1011-2225-5555','LAST NAME','FIRST NAME','M','ADDRE','PARENTS','097555','SKSU','2018','GRADE 12','2019-12-11'),(572,9,'1011-2225-5555','LAST NAME','FIRST NAME','M','ADDRE','PARENTS','097555','SKSU','2018','GRADE 12','2019-12-11'),(573,9,'1011-2225-5555','LAST NAME','FIRST NAME','M','ADDRE','PARENTS','097555','SKSU','2018','GRADE 12','2019-12-11'),(574,9,'1011-2225-5555','LAST NAME','FIRST NAME','M','ADDRE','PARENTS','097555','SKSU','2018','GRADE 12','2019-12-11'),(575,9,'1011-2225-5555','LAST NAME','FIRST NAME','M','ADDRE','PARENTS','097555','SKSU','2018','GRADE 12','2019-12-11'),(576,9,'1011-2225-5555','LAST NAME','FIRST NAME','M','ADDRE','PARENTS','097555','SKSU','2018','GRADE 12','2019-12-11'),(577,9,'1011-2225-5555','LAST NAME','FIRST NAME','M','ADDRE','PARENTS','097555','SKSU','2018','GRADE 12','2019-12-11'),(578,9,'1011-2225-5555','LAST NAME','FIRST NAME','M','ADDRE','PARENTS','097555','SKSU','2018','GRADE 12','2019-12-11'),(579,9,'1011-2225-5555','LAST NAME','FIRST NAME','M','ADDRE','PARENTS','097555','SKSU','2018','GRADE 12','2019-12-11'),(580,9,'1011-2225-5555','LAST NAME','FIRST NAME','M','ADDRE','PARENTS','097555','SKSU','2018','GRADE 12','2019-12-11'),(581,9,'1011-2225-5555','LAST NAME','FIRST NAME','M','ADDRE','PARENTS','097555','SKSU','2018','GRADE 12','2019-12-11'),(582,9,'1011-2225-5555','LAST NAME','FIRST NAME','M','ADDRE','PARENTS','097555','SKSU','2018','GRADE 12','2019-12-11'),(583,9,'1011-2225-5555','LAST NAME','FIRST NAME','M','ADDRE','PARENTS','097555','SKSU','2018','GRADE 12','2019-12-11'),(584,9,'1011-2225-5555','LAST NAME','FIRST NAME','M','ADDRE','PARENTS','097555','SKSU','2018','GRADE 12','2019-12-11'),(585,9,'1011-2225-5555','LAST NAME','FIRST NAME','M','ADDRE','PARENTS','097555','SKSU','2018','GRADE 12','2019-12-11'),(586,9,'1011-2225-5555','LAST NAME','FIRST NAME','M','ADDRE','PARENTS','097555','SKSU','2018','GRADE 12','2019-12-11'),(587,9,'1011-2225-5555','LAST NAME','FIRST NAME','M','ADDRE','PARENTS','097555','SKSU','2018','GRADE 12','2019-12-11'),(588,9,'1011-2225-5555','LAST NAME','FIRST NAME','M','ADDRE','PARENTS','097555','SKSU','2018','GRADE 12','2019-12-11'),(589,9,'1011-2225-5555','LAST NAME','FIRST NAME','M','ADDRE','PARENTS','097555','SKSU','2018','GRADE 12','2019-12-11'),(590,9,'1011-2225-5555','LAST NAME','FIRST NAME','M','ADDRE','PARENTS','097555','SKSU','2018','GRADE 12','2019-12-11'),(591,9,'1011-2225-5555','LAST NAME','FIRST NAME','M','ADDRE','PARENTS','097555','SKSU','2018','GRADE 12','2019-12-11'),(592,9,'1011-2225-5555','LAST NAME','FIRST NAME','M','ADDRE','PARENTS','097555','SKSU','2018','GRADE 12','2019-12-11'),(593,9,'1011-2225-5555','LAST NAME','FIRST NAME','M','ADDRE','PARENTS','097555','SKSU','2018','GRADE 12','2019-12-11'),(594,9,'1011-2225-5555','LAST NAME','FIRST NAME','M','ADDRE','PARENTS','097555','SKSU','2018','GRADE 12','2019-12-11'),(595,9,'1011-2225-5555','LAST NAME','FIRST NAME','M','ADDRE','PARENTS','097555','SKSU','2018','GRADE 12','2019-12-11'),(596,9,'1011-2225-5555','LAST NAME','FIRST NAME','M','ADDRE','PARENTS','097555','SKSU','2018','GRADE 12','2019-12-11'),(597,9,'1011-2225-5555','LAST NAME','FIRST NAME','M','ADDRE','PARENTS','097555','SKSU','2018','GRADE 12','2019-12-11'),(598,9,'1011-2225-5555','LAST NAME','FIRST NAME','M','ADDRE','PARENTS','097555','SKSU','2018','GRADE 12','2019-12-11'),(599,9,'1011-2225-5555','LAST NAME','FIRST NAME','M','ADDRE','PARENTS','097555','SKSU','2018','GRADE 12','2019-12-11'),(600,4,'1011-2225-5555','LAST NAME','FIRST NAME','M','ADDRE','PARENTS','097555','SKSU','2018','GRADE 12','2019-12-11'),(601,8,'1011-2225-5555','LAST NAME','FIRST NAME','M','ADDRE','PARENTS','097555','SKSU','2018','GRADE 12','2019-12-11'),(602,8,'1011-2225-5555','LAST NAME','FIRST NAME','M','ADDRE','PARENTS','097555','SKSU','2018','GRADE 12','2019-12-11'),(603,8,'1011-2225-5555','LAST NAME','FIRST NAME','M','ADDRE','PARENTS','097555','SKSU','2018','GRADE 12','2019-12-11'),(604,8,'1011-2225-5555','LAST NAME','FIRST NAME','M','ADDRE','PARENTS','097555','SKSU','2018','GRADE 12','2019-12-11'),(605,8,'1011-2225-5555','LAST NAME','FIRST NAME','M','ADDRE','PARENTS','097555','SKSU','2018','GRADE 12','2019-12-11'),(606,8,'1011-2225-5555','LAST NAME','FIRST NAME','M','ADDRE','PARENTS','097555','SKSU','2018','GRADE 12','2019-12-11'),(607,8,'1011-2225-5555','LAST NAME','FIRST NAME','M','ADDRE','PARENTS','097555','SKSU','2018','GRADE 12','2019-12-11'),(608,8,'1011-2225-5555','LAST NAME','FIRST NAME','M','ADDRE','PARENTS','097555','SKSU','2018','GRADE 12','2019-12-11'),(609,8,'1011-2225-5555','LAST NAME','FIRST NAME','M','ADDRE','PARENTS','097555','SKSU','2018','GRADE 12','2019-12-11'),(610,8,'1011-2225-5555','LAST NAME','FIRST NAME','M','ADDRE','PARENTS','097555','SKSU','2018','GRADE 12','2019-12-11'),(611,8,'1011-2225-5555','LAST NAME','FIRST NAME','M','ADDRE','PARENTS','097555','SKSU','2018','GRADE 12','2019-12-11'),(612,8,'1011-2225-5555','LAST NAME','FIRST NAME','M','ADDRE','PARENTS','097555','SKSU','2018','GRADE 12','2019-12-11'),(613,8,'1011-2225-5555','LAST NAME','FIRST NAME','M','ADDRE','PARENTS','097555','SKSU','2018','GRADE 12','2019-12-11'),(614,8,'1011-2225-5555','LAST NAME','FIRST NAME','M','ADDRE','PARENTS','097555','SKSU','2018','GRADE 12','2019-12-11'),(615,8,'1011-2225-5555','LAST NAME','FIRST NAME','M','ADDRE','PARENTS','097555','SKSU','2018','GRADE 12','2019-12-11'),(616,8,'1011-2225-5555','LAST NAME','FIRST NAME','M','ADDRE','PARENTS','097555','SKSU','2018','GRADE 12','2019-12-11'),(617,8,'1011-2225-5555','LAST NAME','FIRST NAME','M','ADDRE','PARENTS','097555','SKSU','2018','GRADE 12','2019-12-11'),(618,8,'1011-2225-5555','LAST NAME','FIRST NAME','M','ADDRE','PARENTS','097555','SKSU','2018','GRADE 12','2019-12-11'),(619,8,'1011-2225-5555','LAST NAME','FIRST NAME','M','ADDRE','PARENTS','097555','SKSU','2018','GRADE 12','2019-12-11'),(620,8,'1011-2225-5555','LAST NAME','FIRST NAME','M','ADDRE','PARENTS','097555','SKSU','2018','GRADE 12','2019-12-11'),(621,8,'1011-2225-5555','LAST NAME','FIRST NAME','M','ADDRE','PARENTS','097555','SKSU','2018','GRADE 12','2019-12-11'),(622,8,'1011-2225-5555','LAST NAME','FIRST NAME','M','ADDRE','PARENTS','097555','SKSU','2018','GRADE 12','2019-12-11'),(623,8,'1011-2225-5555','LAST NAME','FIRST NAME','M','ADDRE','PARENTS','097555','SKSU','2018','GRADE 12','2019-12-11'),(624,8,'1011-2225-5555','LAST NAME','FIRST NAME','M','ADDRE','PARENTS','097555','SKSU','2018','GRADE 12','2019-12-11'),(625,8,'1011-2225-5555','LAST NAME','FIRST NAME','M','ADDRE','PARENTS','097555','SKSU','2018','GRADE 12','2019-12-11'),(626,8,'1011-2225-5555','LAST NAME','FIRST NAME','M','ADDRE','PARENTS','097555','SKSU','2018','GRADE 12','2019-12-11'),(627,8,'1011-2225-5555','LAST NAME','FIRST NAME','M','ADDRE','PARENTS','097555','SKSU','2018','GRADE 12','2019-12-11'),(628,8,'1011-2225-5555','LAST NAME','FIRST NAME','M','ADDRE','PARENTS','097555','SKSU','2018','GRADE 12','2019-12-11'),(629,8,'1011-2225-5555','LAST NAME','FIRST NAME','M','ADDRE','PARENTS','097555','SKSU','2018','GRADE 12','2019-12-11'),(630,8,'1011-2225-5555','LAST NAME','FIRST NAME','M','ADDRE','PARENTS','097555','SKSU','2018','GRADE 12','2019-12-11'),(631,8,'1011-2225-5555','LAST NAME','FIRST NAME','M','ADDRE','PARENTS','097555','SKSU','2018','GRADE 12','2019-12-11'),(632,8,'1011-2225-5555','LAST NAME','FIRST NAME','M','ADDRE','PARENTS','097555','SKSU','2018','GRADE 12','2019-12-11'),(633,8,'1011-2225-5555','LAST NAME','FIRST NAME','M','ADDRE','PARENTS','097555','SKSU','2018','GRADE 12','2019-12-11'),(634,8,'1011-2225-5555','LAST NAME','FIRST NAME','M','ADDRE','PARENTS','097555','SKSU','2018','GRADE 12','2019-12-11'),(635,8,'1011-2225-5555','LAST NAME','FIRST NAME','M','ADDRE','PARENTS','097555','SKSU','2018','GRADE 12','2019-12-11'),(636,8,'1011-2225-5555','LAST NAME','FIRST NAME','M','ADDRE','PARENTS','097555','SKSU','2018','GRADE 12','2019-12-11'),(637,8,'1011-2225-5555','LAST NAME','FIRST NAME','M','ADDRE','PARENTS','097555','SKSU','2018','GRADE 12','2019-12-11'),(638,8,'1011-2225-5555','LAST NAME','FIRST NAME','M','ADDRE','PARENTS','097555','SKSU','2018','GRADE 12','2019-12-11'),(639,8,'1011-2225-5555','LAST NAME','FIRST NAME','M','ADDRE','PARENTS','097555','SKSU','2018','GRADE 12','2019-12-11'),(640,8,'1011-2225-5555','LAST NAME','FIRST NAME','M','ADDRE','PARENTS','097555','SKSU','2018','GRADE 12','2019-12-11'),(641,8,'1011-2225-5555','LAST NAME','FIRST NAME','M','ADDRE','PARENTS','097555','SKSU','2018','GRADE 12','2019-12-11'),(642,8,'1011-2225-5555','LAST NAME','FIRST NAME','M','ADDRE','PARENTS','097555','SKSU','2018','GRADE 12','2019-12-11'),(643,8,'1011-2225-5555','LAST NAME','FIRST NAME','M','ADDRE','PARENTS','097555','SKSU','2018','GRADE 12','2019-12-11'),(644,8,'1011-2225-5555','LAST NAME','FIRST NAME','M','ADDRE','PARENTS','097555','SKSU','2018','GRADE 12','2019-12-11'),(645,8,'1011-2225-5555','LAST NAME','FIRST NAME','M','ADDRE','PARENTS','097555','SKSU','2018','GRADE 12','2019-12-11'),(646,8,'1011-2225-5555','LAST NAME','FIRST NAME','M','ADDRE','PARENTS','097555','SKSU','2018','GRADE 12','2019-12-11'),(647,8,'1011-2225-5555','LAST NAME','FIRST NAME','M','ADDRE','PARENTS','097555','SKSU','2018','GRADE 12','2019-12-11'),(648,8,'1011-2225-5555','LAST NAME','FIRST NAME','M','ADDRE','PARENTS','097555','SKSU','2018','GRADE 12','2019-12-11'),(649,8,'1011-2225-5555','LAST NAME','FIRST NAME','M','ADDRE','PARENTS','097555','SKSU','2018','GRADE 12','2019-12-11'),(650,8,'1011-2225-5555','LAST NAME','FIRST NAME','M','ADDRE','PARENTS','097555','SKSU','2018','GRADE 12','2019-12-11'),(651,8,'1011-2225-5555','LAST NAME','FIRST NAME','M','ADDRE','PARENTS','097555','SKSU','2018','GRADE 12','2019-12-11'),(652,8,'1011-2225-5555','LAST NAME','FIRST NAME','M','ADDRE','PARENTS','097555','SKSU','2018','GRADE 12','2019-12-11'),(653,8,'1011-2225-5555','LAST NAME','FIRST NAME','M','ADDRE','PARENTS','097555','SKSU','2018','GRADE 12','2019-12-11'),(654,8,'1011-2225-5555','LAST NAME','FIRST NAME','M','ADDRE','PARENTS','097555','SKSU','2018','GRADE 12','2019-12-11'),(655,8,'1011-2225-5555','LAST NAME','FIRST NAME','M','ADDRE','PARENTS','097555','SKSU','2018','GRADE 12','2019-12-11'),(656,8,'1011-2225-5555','LAST NAME','FIRST NAME','M','ADDRE','PARENTS','097555','SKSU','2018','GRADE 12','2019-12-11'),(657,8,'1011-2225-5555','LAST NAME','FIRST NAME','M','ADDRE','PARENTS','097555','SKSU','2018','GRADE 12','2019-12-11'),(658,8,'1011-2225-5555','LAST NAME','FIRST NAME','M','ADDRE','PARENTS','097555','SKSU','2018','GRADE 12','2019-12-11'),(659,8,'1011-2225-5555','LAST NAME','FIRST NAME','M','ADDRE','PARENTS','097555','SKSU','2018','GRADE 12','2019-12-11'),(660,8,'1011-2225-5555','LAST NAME','FIRST NAME','M','ADDRE','PARENTS','097555','SKSU','2018','GRADE 12','2019-12-11'),(661,8,'1011-2225-5555','LAST NAME','FIRST NAME','M','ADDRE','PARENTS','097555','SKSU','2018','GRADE 12','2019-12-11'),(662,8,'1011-2225-5555','LAST NAME','FIRST NAME','M','ADDRE','PARENTS','097555','SKSU','2018','GRADE 12','2019-12-11'),(663,8,'1011-2225-5555','LAST NAME','FIRST NAME','M','ADDRE','PARENTS','097555','SKSU','2018','GRADE 12','2019-12-11'),(664,8,'1011-2225-5555','LAST NAME','FIRST NAME','M','ADDRE','PARENTS','097555','SKSU','2018','GRADE 12','2019-12-11'),(665,8,'1011-2225-5555','LAST NAME','FIRST NAME','M','ADDRE','PARENTS','097555','SKSU','2018','GRADE 12','2019-12-11'),(666,8,'1011-2225-5555','LAST NAME','FIRST NAME','M','ADDRE','PARENTS','097555','SKSU','2018','GRADE 12','2019-12-11'),(667,8,'1011-2225-5555','LAST NAME','FIRST NAME','M','ADDRE','PARENTS','097555','SKSU','2018','GRADE 12','2019-12-11'),(668,8,'1011-2225-5555','LAST NAME','FIRST NAME','M','ADDRE','PARENTS','097555','SKSU','2018','GRADE 12','2019-12-11'),(669,8,'1011-2225-5555','LAST NAME','FIRST NAME','M','ADDRE','PARENTS','097555','SKSU','2018','GRADE 12','2019-12-11'),(670,8,'1011-2225-5555','LAST NAME','FIRST NAME','M','ADDRE','PARENTS','097555','SKSU','2018','GRADE 12','2019-12-11'),(671,8,'1011-2225-5555','LAST NAME','FIRST NAME','M','ADDRE','PARENTS','097555','SKSU','2018','GRADE 12','2019-12-11'),(672,8,'1011-2225-5555','LAST NAME','FIRST NAME','M','ADDRE','PARENTS','097555','SKSU','2018','GRADE 12','2019-12-11'),(673,8,'1011-2225-5555','LAST NAME','FIRST NAME','M','ADDRE','PARENTS','097555','SKSU','2018','GRADE 12','2019-12-11'),(674,8,'1011-2225-5555','LAST NAME','FIRST NAME','M','ADDRE','PARENTS','097555','SKSU','2018','GRADE 12','2019-12-11'),(675,8,'1011-2225-5555','LAST NAME','FIRST NAME','M','ADDRE','PARENTS','097555','SKSU','2018','GRADE 12','2019-12-11'),(676,8,'1011-2225-5555','LAST NAME','FIRST NAME','M','ADDRE','PARENTS','097555','SKSU','2018','GRADE 12','2019-12-11'),(677,8,'1011-2225-5555','LAST NAME','FIRST NAME','M','ADDRE','PARENTS','097555','SKSU','2018','GRADE 12','2019-12-11'),(678,8,'1011-2225-5555','LAST NAME','FIRST NAME','M','ADDRE','PARENTS','097555','SKSU','2018','GRADE 12','2019-12-11'),(679,8,'1011-2225-5555','LAST NAME','FIRST NAME','M','ADDRE','PARENTS','097555','SKSU','2018','GRADE 12','2019-12-11'),(680,8,'1011-2225-5555','LAST NAME','FIRST NAME','M','ADDRE','PARENTS','097555','SKSU','2018','GRADE 12','2019-12-11'),(681,8,'1011-2225-5555','LAST NAME','FIRST NAME','M','ADDRE','PARENTS','097555','SKSU','2018','GRADE 12','2019-12-11'),(682,8,'1011-2225-5555','LAST NAME','FIRST NAME','M','ADDRE','PARENTS','097555','SKSU','2018','GRADE 12','2019-12-11'),(683,8,'1011-2225-5555','LAST NAME','FIRST NAME','M','ADDRE','PARENTS','097555','SKSU','2018','GRADE 12','2019-12-11'),(684,8,'1011-2225-5555','LAST NAME','FIRST NAME','M','ADDRE','PARENTS','097555','SKSU','2018','GRADE 12','2019-12-11'),(685,8,'1011-2225-5555','LAST NAME','FIRST NAME','M','ADDRE','PARENTS','097555','SKSU','2018','GRADE 12','2019-12-11'),(686,8,'1011-2225-5555','LAST NAME','FIRST NAME','M','ADDRE','PARENTS','097555','SKSU','2018','GRADE 12','2019-12-11'),(687,8,'1011-2225-5555','LAST NAME','FIRST NAME','M','ADDRE','PARENTS','097555','SKSU','2018','GRADE 12','2019-12-11'),(688,8,'1011-2225-5555','LAST NAME','FIRST NAME','M','ADDRE','PARENTS','097555','SKSU','2018','GRADE 12','2019-12-11'),(689,8,'1011-2225-5555','LAST NAME','FIRST NAME','M','ADDRE','PARENTS','097555','SKSU','2018','GRADE 12','2019-12-11'),(690,8,'1011-2225-5555','LAST NAME','FIRST NAME','M','ADDRE','PARENTS','097555','SKSU','2018','GRADE 12','2019-12-11'),(691,8,'1011-2225-5555','LAST NAME','FIRST NAME','M','ADDRE','PARENTS','097555','SKSU','2018','GRADE 12','2019-12-11'),(692,8,'1011-2225-5555','LAST NAME','FIRST NAME','M','ADDRE','PARENTS','097555','SKSU','2018','GRADE 12','2019-12-11'),(693,8,'1011-2225-5555','LAST NAME','FIRST NAME','M','ADDRE','PARENTS','097555','SKSU','2018','GRADE 12','2019-12-11'),(694,8,'1011-2225-5555','LAST NAME','FIRST NAME','M','ADDRE','PARENTS','097555','SKSU','2018','GRADE 12','2019-12-11'),(695,8,'1011-2225-5555','LAST NAME','FIRST NAME','M','ADDRE','PARENTS','097555','SKSU','2018','GRADE 12','2019-12-11'),(696,8,'1011-2225-5555','LAST NAME','FIRST NAME','M','ADDRE','PARENTS','097555','SKSU','2018','GRADE 12','2019-12-11'),(697,8,'1011-2225-5555','LAST NAME','FIRST NAME','M','ADDRE','PARENTS','097555','SKSU','2018','GRADE 12','2019-12-11'),(698,8,'1011-2225-5555','LAST NAME','FIRST NAME','M','ADDRE','PARENTS','097555','SKSU','2018','GRADE 12','2019-12-11'),(699,8,'1011-2225-5555','LAST NAME','FIRST NAME','M','ADDRE','PARENTS','097555','SKSU','2018','GRADE 12','2019-12-11'),(700,4,'1011-2225-5555','LAST NAME','FIRST NAME','M','ADDRE','PARENTS','097555','SKSU','2018','GRADE 12','2019-12-11'),(701,7,'1011-2225-5555','LAST NAME','FIRST NAME','M','ADDRE','PARENTS','097555','SKSU','2018','GRADE 12','2019-12-11'),(702,7,'1011-2225-5555','LAST NAME','FIRST NAME','M','ADDRE','PARENTS','097555','SKSU','2018','GRADE 12','2019-12-11'),(703,7,'1011-2225-5555','LAST NAME','FIRST NAME','M','ADDRE','PARENTS','097555','SKSU','2018','GRADE 12','2019-12-11'),(704,7,'1011-2225-5555','LAST NAME','FIRST NAME','M','ADDRE','PARENTS','097555','SKSU','2018','GRADE 12','2019-12-11'),(705,7,'1011-2225-5555','LAST NAME','FIRST NAME','M','ADDRE','PARENTS','097555','SKSU','2018','GRADE 12','2019-12-11'),(706,7,'1011-2225-5555','LAST NAME','FIRST NAME','M','ADDRE','PARENTS','097555','SKSU','2018','GRADE 12','2019-12-11'),(707,7,'1011-2225-5555','LAST NAME','FIRST NAME','M','ADDRE','PARENTS','097555','SKSU','2018','GRADE 12','2019-12-11'),(708,7,'1011-2225-5555','LAST NAME','FIRST NAME','M','ADDRE','PARENTS','097555','SKSU','2018','GRADE 12','2019-12-11'),(709,7,'1011-2225-5555','LAST NAME','FIRST NAME','M','ADDRE','PARENTS','097555','SKSU','2018','GRADE 12','2019-12-11'),(710,7,'1011-2225-5555','LAST NAME','FIRST NAME','M','ADDRE','PARENTS','097555','SKSU','2018','GRADE 12','2019-12-11'),(711,7,'1011-2225-5555','LAST NAME','FIRST NAME','M','ADDRE','PARENTS','097555','SKSU','2018','GRADE 12','2019-12-11'),(712,7,'1011-2225-5555','LAST NAME','FIRST NAME','M','ADDRE','PARENTS','097555','SKSU','2018','GRADE 12','2019-12-11'),(713,7,'1011-2225-5555','LAST NAME','FIRST NAME','M','ADDRE','PARENTS','097555','SKSU','2018','GRADE 12','2019-12-11'),(714,7,'1011-2225-5555','LAST NAME','FIRST NAME','M','ADDRE','PARENTS','097555','SKSU','2018','GRADE 12','2019-12-11'),(715,7,'1011-2225-5555','LAST NAME','FIRST NAME','M','ADDRE','PARENTS','097555','SKSU','2018','GRADE 12','2019-12-11'),(716,7,'1011-2225-5555','LAST NAME','FIRST NAME','M','ADDRE','PARENTS','097555','SKSU','2018','GRADE 12','2019-12-11'),(717,7,'1011-2225-5555','LAST NAME','FIRST NAME','M','ADDRE','PARENTS','097555','SKSU','2018','GRADE 12','2019-12-11'),(718,7,'1011-2225-5555','LAST NAME','FIRST NAME','M','ADDRE','PARENTS','097555','SKSU','2018','GRADE 12','2019-12-11'),(719,7,'1011-2225-5555','LAST NAME','FIRST NAME','M','ADDRE','PARENTS','097555','SKSU','2018','GRADE 12','2019-12-11'),(720,7,'1011-2225-5555','LAST NAME','FIRST NAME','M','ADDRE','PARENTS','097555','SKSU','2018','GRADE 12','2019-12-11'),(721,7,'1011-2225-5555','LAST NAME','FIRST NAME','M','ADDRE','PARENTS','097555','SKSU','2018','GRADE 12','2019-12-11'),(722,7,'1011-2225-5555','LAST NAME','FIRST NAME','M','ADDRE','PARENTS','097555','SKSU','2018','GRADE 12','2019-12-11'),(723,7,'1011-2225-5555','LAST NAME','FIRST NAME','M','ADDRE','PARENTS','097555','SKSU','2018','GRADE 12','2019-12-11'),(724,7,'1011-2225-5555','LAST NAME','FIRST NAME','M','ADDRE','PARENTS','097555','SKSU','2018','GRADE 12','2019-12-11'),(725,7,'1011-2225-5555','LAST NAME','FIRST NAME','M','ADDRE','PARENTS','097555','SKSU','2018','GRADE 12','2019-12-11'),(726,7,'1011-2225-5555','LAST NAME','FIRST NAME','M','ADDRE','PARENTS','097555','SKSU','2018','GRADE 12','2019-12-11'),(727,7,'1011-2225-5555','LAST NAME','FIRST NAME','M','ADDRE','PARENTS','097555','SKSU','2018','GRADE 12','2019-12-11'),(728,7,'1011-2225-5555','LAST NAME','FIRST NAME','M','ADDRE','PARENTS','097555','SKSU','2018','GRADE 12','2019-12-11'),(729,7,'1011-2225-5555','LAST NAME','FIRST NAME','M','ADDRE','PARENTS','097555','SKSU','2018','GRADE 12','2019-12-11'),(730,7,'1011-2225-5555','LAST NAME','FIRST NAME','M','ADDRE','PARENTS','097555','SKSU','2018','GRADE 12','2019-12-11'),(731,7,'1011-2225-5555','LAST NAME','FIRST NAME','M','ADDRE','PARENTS','097555','SKSU','2018','GRADE 12','2019-12-11'),(732,7,'1011-2225-5555','LAST NAME','FIRST NAME','M','ADDRE','PARENTS','097555','SKSU','2018','GRADE 12','2019-12-11'),(733,7,'1011-2225-5555','LAST NAME','FIRST NAME','M','ADDRE','PARENTS','097555','SKSU','2018','GRADE 12','2019-12-11'),(734,7,'1011-2225-5555','LAST NAME','FIRST NAME','M','ADDRE','PARENTS','097555','SKSU','2018','GRADE 12','2019-12-11'),(735,7,'1011-2225-5555','LAST NAME','FIRST NAME','M','ADDRE','PARENTS','097555','SKSU','2018','GRADE 12','2019-12-11'),(736,7,'1011-2225-5555','LAST NAME','FIRST NAME','M','ADDRE','PARENTS','097555','SKSU','2018','GRADE 12','2019-12-11'),(737,7,'1011-2225-5555','LAST NAME','FIRST NAME','M','ADDRE','PARENTS','097555','SKSU','2018','GRADE 12','2019-12-11'),(738,7,'1011-2225-5555','LAST NAME','FIRST NAME','M','ADDRE','PARENTS','097555','SKSU','2018','GRADE 12','2019-12-11'),(739,7,'1011-2225-5555','LAST NAME','FIRST NAME','M','ADDRE','PARENTS','097555','SKSU','2018','GRADE 12','2019-12-11'),(740,7,'1011-2225-5555','LAST NAME','FIRST NAME','M','ADDRE','PARENTS','097555','SKSU','2018','GRADE 12','2019-12-11'),(741,7,'1011-2225-5555','LAST NAME','FIRST NAME','M','ADDRE','PARENTS','097555','SKSU','2018','GRADE 12','2019-12-11'),(742,7,'1011-2225-5555','LAST NAME','FIRST NAME','M','ADDRE','PARENTS','097555','SKSU','2018','GRADE 12','2019-12-11'),(743,7,'1011-2225-5555','LAST NAME','FIRST NAME','M','ADDRE','PARENTS','097555','SKSU','2018','GRADE 12','2019-12-11'),(744,7,'1011-2225-5555','LAST NAME','FIRST NAME','M','ADDRE','PARENTS','097555','SKSU','2018','GRADE 12','2019-12-11'),(745,7,'1011-2225-5555','LAST NAME','FIRST NAME','M','ADDRE','PARENTS','097555','SKSU','2018','GRADE 12','2019-12-11'),(746,7,'1011-2225-5555','LAST NAME','FIRST NAME','M','ADDRE','PARENTS','097555','SKSU','2018','GRADE 12','2019-12-11'),(747,7,'1011-2225-5555','LAST NAME','FIRST NAME','M','ADDRE','PARENTS','097555','SKSU','2018','GRADE 12','2019-12-11'),(748,7,'1011-2225-5555','LAST NAME','FIRST NAME','M','ADDRE','PARENTS','097555','SKSU','2018','GRADE 12','2019-12-11'),(749,7,'1011-2225-5555','LAST NAME','FIRST NAME','M','ADDRE','PARENTS','097555','SKSU','2018','GRADE 12','2019-12-11'),(750,7,'1011-2225-5555','LAST NAME','FIRST NAME','M','ADDRE','PARENTS','097555','SKSU','2018','GRADE 12','2019-12-11'),(751,7,'1011-2225-5555','LAST NAME','FIRST NAME','M','ADDRE','PARENTS','097555','SKSU','2018','GRADE 12','2019-12-11'),(752,7,'1011-2225-5555','LAST NAME','FIRST NAME','M','ADDRE','PARENTS','097555','SKSU','2018','GRADE 12','2019-12-11'),(753,7,'1011-2225-5555','LAST NAME','FIRST NAME','M','ADDRE','PARENTS','097555','SKSU','2018','GRADE 12','2019-12-11'),(754,7,'1011-2225-5555','LAST NAME','FIRST NAME','M','ADDRE','PARENTS','097555','SKSU','2018','GRADE 12','2019-12-11'),(755,7,'1011-2225-5555','LAST NAME','FIRST NAME','M','ADDRE','PARENTS','097555','SKSU','2018','GRADE 12','2019-12-11'),(756,7,'1011-2225-5555','LAST NAME','FIRST NAME','M','ADDRE','PARENTS','097555','SKSU','2018','GRADE 12','2019-12-11'),(757,7,'1011-2225-5555','LAST NAME','FIRST NAME','M','ADDRE','PARENTS','097555','SKSU','2018','GRADE 12','2019-12-11'),(758,7,'1011-2225-5555','LAST NAME','FIRST NAME','M','ADDRE','PARENTS','097555','SKSU','2018','GRADE 12','2019-12-11'),(759,7,'1011-2225-5555','LAST NAME','FIRST NAME','M','ADDRE','PARENTS','097555','SKSU','2018','GRADE 12','2019-12-11'),(760,7,'1011-2225-5555','LAST NAME','FIRST NAME','M','ADDRE','PARENTS','097555','SKSU','2018','GRADE 12','2019-12-11'),(761,7,'1011-2225-5555','LAST NAME','FIRST NAME','M','ADDRE','PARENTS','097555','SKSU','2018','GRADE 12','2019-12-11'),(762,7,'1011-2225-5555','LAST NAME','FIRST NAME','M','ADDRE','PARENTS','097555','SKSU','2018','GRADE 12','2019-12-11'),(763,7,'1011-2225-5555','LAST NAME','FIRST NAME','M','ADDRE','PARENTS','097555','SKSU','2018','GRADE 12','2019-12-11'),(764,7,'1011-2225-5555','LAST NAME','FIRST NAME','M','ADDRE','PARENTS','097555','SKSU','2018','GRADE 12','2019-12-11'),(765,7,'1011-2225-5555','LAST NAME','FIRST NAME','M','ADDRE','PARENTS','097555','SKSU','2018','GRADE 12','2019-12-11'),(766,7,'1011-2225-5555','LAST NAME','FIRST NAME','M','ADDRE','PARENTS','097555','SKSU','2018','GRADE 12','2019-12-11'),(767,7,'1011-2225-5555','LAST NAME','FIRST NAME','M','ADDRE','PARENTS','097555','SKSU','2018','GRADE 12','2019-12-11'),(768,7,'1011-2225-5555','LAST NAME','FIRST NAME','M','ADDRE','PARENTS','097555','SKSU','2018','GRADE 12','2019-12-11'),(769,7,'1011-2225-5555','LAST NAME','FIRST NAME','M','ADDRE','PARENTS','097555','SKSU','2018','GRADE 12','2019-12-11'),(770,7,'1011-2225-5555','LAST NAME','FIRST NAME','M','ADDRE','PARENTS','097555','SKSU','2018','GRADE 12','2019-12-11'),(771,7,'1011-2225-5555','LAST NAME','FIRST NAME','M','ADDRE','PARENTS','097555','SKSU','2018','GRADE 12','2019-12-11'),(772,7,'1011-2225-5555','LAST NAME','FIRST NAME','M','ADDRE','PARENTS','097555','SKSU','2018','GRADE 12','2019-12-11'),(773,7,'1011-2225-5555','LAST NAME','FIRST NAME','M','ADDRE','PARENTS','097555','SKSU','2018','GRADE 12','2019-12-11'),(774,7,'1011-2225-5555','LAST NAME','FIRST NAME','M','ADDRE','PARENTS','097555','SKSU','2018','GRADE 12','2019-12-11'),(775,7,'1011-2225-5555','LAST NAME','FIRST NAME','M','ADDRE','PARENTS','097555','SKSU','2018','GRADE 12','2019-12-11'),(776,7,'1011-2225-5555','LAST NAME','FIRST NAME','M','ADDRE','PARENTS','097555','SKSU','2018','GRADE 12','2019-12-11'),(777,7,'1011-2225-5555','LAST NAME','FIRST NAME','M','ADDRE','PARENTS','097555','SKSU','2018','GRADE 12','2019-12-11'),(778,7,'1011-2225-5555','LAST NAME','FIRST NAME','M','ADDRE','PARENTS','097555','SKSU','2018','GRADE 12','2019-12-11'),(779,7,'1011-2225-5555','LAST NAME','FIRST NAME','M','ADDRE','PARENTS','097555','SKSU','2018','GRADE 12','2019-12-11'),(780,7,'1011-2225-5555','LAST NAME','FIRST NAME','M','ADDRE','PARENTS','097555','SKSU','2018','GRADE 12','2019-12-11'),(781,7,'1011-2225-5555','LAST NAME','FIRST NAME','M','ADDRE','PARENTS','097555','SKSU','2018','GRADE 12','2019-12-11'),(782,7,'1011-2225-5555','LAST NAME','FIRST NAME','M','ADDRE','PARENTS','097555','SKSU','2018','GRADE 12','2019-12-11'),(783,7,'1011-2225-5555','LAST NAME','FIRST NAME','M','ADDRE','PARENTS','097555','SKSU','2018','GRADE 12','2019-12-11'),(784,7,'1011-2225-5555','LAST NAME','FIRST NAME','M','ADDRE','PARENTS','097555','SKSU','2018','GRADE 12','2019-12-11'),(785,7,'1011-2225-5555','LAST NAME','FIRST NAME','M','ADDRE','PARENTS','097555','SKSU','2018','GRADE 12','2019-12-11'),(786,7,'1011-2225-5555','LAST NAME','FIRST NAME','M','ADDRE','PARENTS','097555','SKSU','2018','GRADE 12','2019-12-11'),(787,7,'1011-2225-5555','LAST NAME','FIRST NAME','M','ADDRE','PARENTS','097555','SKSU','2018','GRADE 12','2019-12-11'),(788,7,'1011-2225-5555','LAST NAME','FIRST NAME','M','ADDRE','PARENTS','097555','SKSU','2018','GRADE 12','2019-12-11'),(789,7,'1011-2225-5555','LAST NAME','FIRST NAME','M','ADDRE','PARENTS','097555','SKSU','2018','GRADE 12','2019-12-11'),(790,7,'1011-2225-5555','LAST NAME','FIRST NAME','M','ADDRE','PARENTS','097555','SKSU','2018','GRADE 12','2019-12-11'),(791,7,'1011-2225-5555','LAST NAME','FIRST NAME','M','ADDRE','PARENTS','097555','SKSU','2018','GRADE 12','2019-12-11'),(792,7,'1011-2225-5555','LAST NAME','FIRST NAME','M','ADDRE','PARENTS','097555','SKSU','2018','GRADE 12','2019-12-11'),(793,7,'1011-2225-5555','LAST NAME','FIRST NAME','M','ADDRE','PARENTS','097555','SKSU','2018','GRADE 12','2019-12-11'),(794,7,'1011-2225-5555','LAST NAME','FIRST NAME','M','ADDRE','PARENTS','097555','SKSU','2018','GRADE 12','2019-12-11'),(795,7,'1011-2225-5555','LAST NAME','FIRST NAME','M','ADDRE','PARENTS','097555','SKSU','2018','GRADE 12','2019-12-11'),(796,7,'1011-2225-5555','LAST NAME','FIRST NAME','M','ADDRE','PARENTS','097555','SKSU','2018','GRADE 12','2019-12-11'),(797,7,'1011-2225-5555','LAST NAME','FIRST NAME','M','ADDRE','PARENTS','097555','SKSU','2018','GRADE 12','2019-12-11'),(798,7,'1011-2225-5555','LAST NAME','FIRST NAME','M','ADDRE','PARENTS','097555','SKSU','2018','GRADE 12','2019-12-11'),(799,7,'1011-2225-5555','LAST NAME','FIRST NAME','M','ADDRE','PARENTS','097555','SKSU','2018','GRADE 12','2019-12-11'),(800,4,'1011-2225-5555','LAST NAME','FIRST NAME','M','ADDRE','PARENTS','097555','SKSU','2018','GRADE 12','2019-12-11'),(801,6,'1011-2225-5555','LAST NAME','FIRST NAME','M','ADDRE','PARENTS','097555','SKSU','2018','GRADE 12','2019-12-11'),(802,6,'1011-2225-5555','LAST NAME','FIRST NAME','M','ADDRE','PARENTS','097555','SKSU','2018','GRADE 12','2019-12-11'),(803,6,'1011-2225-5555','LAST NAME','FIRST NAME','M','ADDRE','PARENTS','097555','SKSU','2018','GRADE 12','2019-12-11'),(804,6,'1011-2225-5555','LAST NAME','FIRST NAME','M','ADDRE','PARENTS','097555','SKSU','2018','GRADE 12','2019-12-11'),(805,6,'1011-2225-5555','LAST NAME','FIRST NAME','M','ADDRE','PARENTS','097555','SKSU','2018','GRADE 12','2019-12-11'),(806,6,'1011-2225-5555','LAST NAME','FIRST NAME','M','ADDRE','PARENTS','097555','SKSU','2018','GRADE 12','2019-12-11'),(807,6,'1011-2225-5555','LAST NAME','FIRST NAME','M','ADDRE','PARENTS','097555','SKSU','2018','GRADE 12','2019-12-11'),(808,6,'1011-2225-5555','LAST NAME','FIRST NAME','M','ADDRE','PARENTS','097555','SKSU','2018','GRADE 12','2019-12-11'),(809,6,'1011-2225-5555','LAST NAME','FIRST NAME','M','ADDRE','PARENTS','097555','SKSU','2018','GRADE 12','2019-12-11'),(810,6,'1011-2225-5555','LAST NAME','FIRST NAME','M','ADDRE','PARENTS','097555','SKSU','2018','GRADE 12','2019-12-11'),(811,6,'1011-2225-5555','LAST NAME','FIRST NAME','M','ADDRE','PARENTS','097555','SKSU','2018','GRADE 12','2019-12-11'),(812,6,'1011-2225-5555','LAST NAME','FIRST NAME','M','ADDRE','PARENTS','097555','SKSU','2018','GRADE 12','2019-12-11'),(813,6,'1011-2225-5555','LAST NAME','FIRST NAME','M','ADDRE','PARENTS','097555','SKSU','2018','GRADE 12','2019-12-11'),(814,6,'1011-2225-5555','LAST NAME','FIRST NAME','M','ADDRE','PARENTS','097555','SKSU','2018','GRADE 12','2019-12-11'),(815,6,'1011-2225-5555','LAST NAME','FIRST NAME','M','ADDRE','PARENTS','097555','SKSU','2018','GRADE 12','2019-12-11'),(816,6,'1011-2225-5555','LAST NAME','FIRST NAME','M','ADDRE','PARENTS','097555','SKSU','2018','GRADE 12','2019-12-11'),(817,6,'1011-2225-5555','LAST NAME','FIRST NAME','M','ADDRE','PARENTS','097555','SKSU','2018','GRADE 12','2019-12-11'),(818,6,'1011-2225-5555','LAST NAME','FIRST NAME','M','ADDRE','PARENTS','097555','SKSU','2018','GRADE 12','2019-12-11'),(819,6,'1011-2225-5555','LAST NAME','FIRST NAME','M','ADDRE','PARENTS','097555','SKSU','2018','GRADE 12','2019-12-11'),(820,6,'1011-2225-5555','LAST NAME','FIRST NAME','M','ADDRE','PARENTS','097555','SKSU','2018','GRADE 12','2019-12-11'),(821,6,'1011-2225-5555','LAST NAME','FIRST NAME','M','ADDRE','PARENTS','097555','SKSU','2018','GRADE 12','2019-12-11'),(822,6,'1011-2225-5555','LAST NAME','FIRST NAME','M','ADDRE','PARENTS','097555','SKSU','2018','GRADE 12','2019-12-11'),(823,6,'1011-2225-5555','LAST NAME','FIRST NAME','M','ADDRE','PARENTS','097555','SKSU','2018','GRADE 12','2019-12-11'),(824,6,'1011-2225-5555','LAST NAME','FIRST NAME','M','ADDRE','PARENTS','097555','SKSU','2018','GRADE 12','2019-12-11'),(825,6,'1011-2225-5555','LAST NAME','FIRST NAME','M','ADDRE','PARENTS','097555','SKSU','2018','GRADE 12','2019-12-11'),(826,6,'1011-2225-5555','LAST NAME','FIRST NAME','M','ADDRE','PARENTS','097555','SKSU','2018','GRADE 12','2019-12-11'),(827,6,'1011-2225-5555','LAST NAME','FIRST NAME','M','ADDRE','PARENTS','097555','SKSU','2018','GRADE 12','2019-12-11'),(828,6,'1011-2225-5555','LAST NAME','FIRST NAME','M','ADDRE','PARENTS','097555','SKSU','2018','GRADE 12','2019-12-11'),(829,6,'1011-2225-5555','LAST NAME','FIRST NAME','M','ADDRE','PARENTS','097555','SKSU','2018','GRADE 12','2019-12-11'),(830,6,'1011-2225-5555','LAST NAME','FIRST NAME','M','ADDRE','PARENTS','097555','SKSU','2018','GRADE 12','2019-12-11'),(831,6,'1011-2225-5555','LAST NAME','FIRST NAME','M','ADDRE','PARENTS','097555','SKSU','2018','GRADE 12','2019-12-11'),(832,6,'1011-2225-5555','LAST NAME','FIRST NAME','M','ADDRE','PARENTS','097555','SKSU','2018','GRADE 12','2019-12-11'),(833,6,'1011-2225-5555','LAST NAME','FIRST NAME','M','ADDRE','PARENTS','097555','SKSU','2018','GRADE 12','2019-12-11'),(834,6,'1011-2225-5555','LAST NAME','FIRST NAME','M','ADDRE','PARENTS','097555','SKSU','2018','GRADE 12','2019-12-11'),(835,6,'1011-2225-5555','LAST NAME','FIRST NAME','M','ADDRE','PARENTS','097555','SKSU','2018','GRADE 12','2019-12-11'),(836,6,'1011-2225-5555','LAST NAME','FIRST NAME','M','ADDRE','PARENTS','097555','SKSU','2018','GRADE 12','2019-12-11'),(837,6,'1011-2225-5555','LAST NAME','FIRST NAME','M','ADDRE','PARENTS','097555','SKSU','2018','GRADE 12','2019-12-11'),(838,6,'1011-2225-5555','LAST NAME','FIRST NAME','M','ADDRE','PARENTS','097555','SKSU','2018','GRADE 12','2019-12-11'),(839,6,'1011-2225-5555','LAST NAME','FIRST NAME','M','ADDRE','PARENTS','097555','SKSU','2018','GRADE 12','2019-12-11'),(840,6,'1011-2225-5555','LAST NAME','FIRST NAME','M','ADDRE','PARENTS','097555','SKSU','2018','GRADE 12','2019-12-11'),(841,6,'1011-2225-5555','LAST NAME','FIRST NAME','M','ADDRE','PARENTS','097555','SKSU','2018','GRADE 12','2019-12-11'),(842,6,'1011-2225-5555','LAST NAME','FIRST NAME','M','ADDRE','PARENTS','097555','SKSU','2018','GRADE 12','2019-12-11'),(843,6,'1011-2225-5555','LAST NAME','FIRST NAME','M','ADDRE','PARENTS','097555','SKSU','2018','GRADE 12','2019-12-11'),(844,6,'1011-2225-5555','LAST NAME','FIRST NAME','M','ADDRE','PARENTS','097555','SKSU','2018','GRADE 12','2019-12-11'),(845,6,'1011-2225-5555','LAST NAME','FIRST NAME','M','ADDRE','PARENTS','097555','SKSU','2018','GRADE 12','2019-12-11'),(846,6,'1011-2225-5555','LAST NAME','FIRST NAME','M','ADDRE','PARENTS','097555','SKSU','2018','GRADE 12','2019-12-11'),(847,6,'1011-2225-5555','LAST NAME','FIRST NAME','M','ADDRE','PARENTS','097555','SKSU','2018','GRADE 12','2019-12-11'),(848,6,'1011-2225-5555','LAST NAME','FIRST NAME','M','ADDRE','PARENTS','097555','SKSU','2018','GRADE 12','2019-12-11'),(849,6,'1011-2225-5555','LAST NAME','FIRST NAME','M','ADDRE','PARENTS','097555','SKSU','2018','GRADE 12','2019-12-11'),(850,6,'1011-2225-5555','LAST NAME','FIRST NAME','M','ADDRE','PARENTS','097555','SKSU','2018','GRADE 12','2019-12-11'),(851,6,'1011-2225-5555','LAST NAME','FIRST NAME','M','ADDRE','PARENTS','097555','SKSU','2018','GRADE 12','2019-12-11'),(852,6,'1011-2225-5555','LAST NAME','FIRST NAME','M','ADDRE','PARENTS','097555','SKSU','2018','GRADE 12','2019-12-11'),(853,6,'1011-2225-5555','LAST NAME','FIRST NAME','M','ADDRE','PARENTS','097555','SKSU','2018','GRADE 12','2019-12-11'),(854,6,'1011-2225-5555','LAST NAME','FIRST NAME','M','ADDRE','PARENTS','097555','SKSU','2018','GRADE 12','2019-12-11'),(855,6,'1011-2225-5555','LAST NAME','FIRST NAME','M','ADDRE','PARENTS','097555','SKSU','2018','GRADE 12','2019-12-11'),(856,6,'1011-2225-5555','LAST NAME','FIRST NAME','M','ADDRE','PARENTS','097555','SKSU','2018','GRADE 12','2019-12-11'),(857,6,'1011-2225-5555','LAST NAME','FIRST NAME','M','ADDRE','PARENTS','097555','SKSU','2018','GRADE 12','2019-12-11'),(858,6,'1011-2225-5555','LAST NAME','FIRST NAME','M','ADDRE','PARENTS','097555','SKSU','2018','GRADE 12','2019-12-11'),(859,6,'1011-2225-5555','LAST NAME','FIRST NAME','M','ADDRE','PARENTS','097555','SKSU','2018','GRADE 12','2019-12-11'),(860,6,'1011-2225-5555','LAST NAME','FIRST NAME','M','ADDRE','PARENTS','097555','SKSU','2018','GRADE 12','2019-12-11'),(861,6,'1011-2225-5555','LAST NAME','FIRST NAME','M','ADDRE','PARENTS','097555','SKSU','2018','GRADE 12','2019-12-11'),(862,6,'1011-2225-5555','LAST NAME','FIRST NAME','M','ADDRE','PARENTS','097555','SKSU','2018','GRADE 12','2019-12-11'),(863,6,'1011-2225-5555','LAST NAME','FIRST NAME','M','ADDRE','PARENTS','097555','SKSU','2018','GRADE 12','2019-12-11'),(864,6,'1011-2225-5555','LAST NAME','FIRST NAME','M','ADDRE','PARENTS','097555','SKSU','2018','GRADE 12','2019-12-11'),(865,6,'1011-2225-5555','LAST NAME','FIRST NAME','M','ADDRE','PARENTS','097555','SKSU','2018','GRADE 12','2019-12-11'),(866,6,'1011-2225-5555','LAST NAME','FIRST NAME','M','ADDRE','PARENTS','097555','SKSU','2018','GRADE 12','2019-12-11'),(867,6,'1011-2225-5555','LAST NAME','FIRST NAME','M','ADDRE','PARENTS','097555','SKSU','2018','GRADE 12','2019-12-11'),(868,6,'1011-2225-5555','LAST NAME','FIRST NAME','M','ADDRE','PARENTS','097555','SKSU','2018','GRADE 12','2019-12-11'),(869,6,'1011-2225-5555','LAST NAME','FIRST NAME','M','ADDRE','PARENTS','097555','SKSU','2018','GRADE 12','2019-12-11'),(870,6,'1011-2225-5555','LAST NAME','FIRST NAME','M','ADDRE','PARENTS','097555','SKSU','2018','GRADE 12','2019-12-11'),(871,6,'1011-2225-5555','LAST NAME','FIRST NAME','M','ADDRE','PARENTS','097555','SKSU','2018','GRADE 12','2019-12-11'),(872,6,'1011-2225-5555','LAST NAME','FIRST NAME','M','ADDRE','PARENTS','097555','SKSU','2018','GRADE 12','2019-12-11'),(873,6,'1011-2225-5555','LAST NAME','FIRST NAME','M','ADDRE','PARENTS','097555','SKSU','2018','GRADE 12','2019-12-11'),(874,6,'1011-2225-5555','LAST NAME','FIRST NAME','M','ADDRE','PARENTS','097555','SKSU','2018','GRADE 12','2019-12-11'),(875,6,'1011-2225-5555','LAST NAME','FIRST NAME','M','ADDRE','PARENTS','097555','SKSU','2018','GRADE 12','2019-12-11'),(876,6,'1011-2225-5555','LAST NAME','FIRST NAME','M','ADDRE','PARENTS','097555','SKSU','2018','GRADE 12','2019-12-11'),(877,6,'1011-2225-5555','LAST NAME','FIRST NAME','M','ADDRE','PARENTS','097555','SKSU','2018','GRADE 12','2019-12-11'),(878,6,'1011-2225-5555','LAST NAME','FIRST NAME','M','ADDRE','PARENTS','097555','SKSU','2018','GRADE 12','2019-12-11'),(879,6,'1011-2225-5555','LAST NAME','FIRST NAME','M','ADDRE','PARENTS','097555','SKSU','2018','GRADE 12','2019-12-11'),(880,6,'1011-2225-5555','LAST NAME','FIRST NAME','M','ADDRE','PARENTS','097555','SKSU','2018','GRADE 12','2019-12-11'),(881,6,'1011-2225-5555','LAST NAME','FIRST NAME','M','ADDRE','PARENTS','097555','SKSU','2018','GRADE 12','2019-12-11'),(882,6,'1011-2225-5555','LAST NAME','FIRST NAME','M','ADDRE','PARENTS','097555','SKSU','2018','GRADE 12','2019-12-11'),(883,6,'1011-2225-5555','LAST NAME','FIRST NAME','M','ADDRE','PARENTS','097555','SKSU','2018','GRADE 12','2019-12-11'),(884,6,'1011-2225-5555','LAST NAME','FIRST NAME','M','ADDRE','PARENTS','097555','SKSU','2018','GRADE 12','2019-12-11'),(885,6,'1011-2225-5555','LAST NAME','FIRST NAME','M','ADDRE','PARENTS','097555','SKSU','2018','GRADE 12','2019-12-11'),(886,6,'1011-2225-5555','LAST NAME','FIRST NAME','M','ADDRE','PARENTS','097555','SKSU','2018','GRADE 12','2019-12-11'),(887,6,'1011-2225-5555','LAST NAME','FIRST NAME','M','ADDRE','PARENTS','097555','SKSU','2018','GRADE 12','2019-12-11'),(888,6,'1011-2225-5555','LAST NAME','FIRST NAME','M','ADDRE','PARENTS','097555','SKSU','2018','GRADE 12','2019-12-11'),(889,6,'1011-2225-5555','LAST NAME','FIRST NAME','M','ADDRE','PARENTS','097555','SKSU','2018','GRADE 12','2019-12-11'),(890,6,'1011-2225-5555','LAST NAME','FIRST NAME','M','ADDRE','PARENTS','097555','SKSU','2018','GRADE 12','2019-12-11'),(891,6,'1011-2225-5555','LAST NAME','FIRST NAME','M','ADDRE','PARENTS','097555','SKSU','2018','GRADE 12','2019-12-11'),(892,6,'1011-2225-5555','LAST NAME','FIRST NAME','M','ADDRE','PARENTS','097555','SKSU','2018','GRADE 12','2019-12-11'),(893,6,'1011-2225-5555','LAST NAME','FIRST NAME','M','ADDRE','PARENTS','097555','SKSU','2018','GRADE 12','2019-12-11'),(894,6,'1011-2225-5555','LAST NAME','FIRST NAME','M','ADDRE','PARENTS','097555','SKSU','2018','GRADE 12','2019-12-11'),(895,6,'1011-2225-5555','LAST NAME','FIRST NAME','M','ADDRE','PARENTS','097555','SKSU','2018','GRADE 12','2019-12-11'),(896,6,'1011-2225-5555','LAST NAME','FIRST NAME','M','ADDRE','PARENTS','097555','SKSU','2018','GRADE 12','2019-12-11'),(897,6,'1011-2225-5555','LAST NAME','FIRST NAME','M','ADDRE','PARENTS','097555','SKSU','2018','GRADE 12','2019-12-11'),(898,6,'1011-2225-5555','LAST NAME','FIRST NAME','M','ADDRE','PARENTS','097555','SKSU','2018','GRADE 12','2019-12-11'),(899,6,'1011-2225-5555','LAST NAME','FIRST NAME','M','ADDRE','PARENTS','097555','SKSU','2018','GRADE 12','2019-12-11'),(900,4,'1011-2225-5555','LAST NAME','FIRST NAME','M','ADDRE','PARENTS','097555','SKSU','2018','GRADE 12','2019-12-11'),(901,5,'1011-2225-5555','LAST NAME','FIRST NAME','M','ADDRE','PARENTS','097555','SKSU','2018','GRADE 12','2019-12-11'),(902,5,'1011-2225-5555','LAST NAME','FIRST NAME','M','ADDRE','PARENTS','097555','SKSU','2018','GRADE 12','2019-12-11'),(903,5,'1011-2225-5555','LAST NAME','FIRST NAME','M','ADDRE','PARENTS','097555','SKSU','2018','GRADE 12','2019-12-11'),(904,5,'1011-2225-5555','LAST NAME','FIRST NAME','M','ADDRE','PARENTS','097555','SKSU','2018','GRADE 12','2019-12-11'),(905,5,'1011-2225-5555','LAST NAME','FIRST NAME','M','ADDRE','PARENTS','097555','SKSU','2018','GRADE 12','2019-12-11'),(906,5,'1011-2225-5555','LAST NAME','FIRST NAME','M','ADDRE','PARENTS','097555','SKSU','2018','GRADE 12','2019-12-11'),(907,5,'1011-2225-5555','LAST NAME','FIRST NAME','M','ADDRE','PARENTS','097555','SKSU','2018','GRADE 12','2019-12-11'),(908,5,'1011-2225-5555','LAST NAME','FIRST NAME','M','ADDRE','PARENTS','097555','SKSU','2018','GRADE 12','2019-12-11'),(909,5,'1011-2225-5555','LAST NAME','FIRST NAME','M','ADDRE','PARENTS','097555','SKSU','2018','GRADE 12','2019-12-11'),(910,5,'1011-2225-5555','LAST NAME','FIRST NAME','M','ADDRE','PARENTS','097555','SKSU','2018','GRADE 12','2019-12-11'),(911,5,'1011-2225-5555','LAST NAME','FIRST NAME','M','ADDRE','PARENTS','097555','SKSU','2018','GRADE 12','2019-12-11'),(912,5,'1011-2225-5555','LAST NAME','FIRST NAME','M','ADDRE','PARENTS','097555','SKSU','2018','GRADE 12','2019-12-11'),(913,5,'1011-2225-5555','LAST NAME','FIRST NAME','M','ADDRE','PARENTS','097555','SKSU','2018','GRADE 12','2019-12-11'),(914,5,'1011-2225-5555','LAST NAME','FIRST NAME','M','ADDRE','PARENTS','097555','SKSU','2018','GRADE 12','2019-12-11'),(915,5,'1011-2225-5555','LAST NAME','FIRST NAME','M','ADDRE','PARENTS','097555','SKSU','2018','GRADE 12','2019-12-11'),(916,5,'1011-2225-5555','LAST NAME','FIRST NAME','M','ADDRE','PARENTS','097555','SKSU','2018','GRADE 12','2019-12-11'),(917,5,'1011-2225-5555','LAST NAME','FIRST NAME','M','ADDRE','PARENTS','097555','SKSU','2018','GRADE 12','2019-12-11'),(918,5,'1011-2225-5555','LAST NAME','FIRST NAME','M','ADDRE','PARENTS','097555','SKSU','2018','GRADE 12','2019-12-11'),(919,5,'1011-2225-5555','LAST NAME','FIRST NAME','M','ADDRE','PARENTS','097555','SKSU','2018','GRADE 12','2019-12-11'),(920,5,'1011-2225-5555','LAST NAME','FIRST NAME','M','ADDRE','PARENTS','097555','SKSU','2018','GRADE 12','2019-12-11'),(921,5,'1011-2225-5555','LAST NAME','FIRST NAME','M','ADDRE','PARENTS','097555','SKSU','2018','GRADE 12','2019-12-11'),(922,5,'1011-2225-5555','LAST NAME','FIRST NAME','M','ADDRE','PARENTS','097555','SKSU','2018','GRADE 12','2019-12-11'),(923,5,'1011-2225-5555','LAST NAME','FIRST NAME','M','ADDRE','PARENTS','097555','SKSU','2018','GRADE 12','2019-12-11'),(924,5,'1011-2225-5555','LAST NAME','FIRST NAME','M','ADDRE','PARENTS','097555','SKSU','2018','GRADE 12','2019-12-11'),(925,5,'1011-2225-5555','LAST NAME','FIRST NAME','M','ADDRE','PARENTS','097555','SKSU','2018','GRADE 12','2019-12-11'),(926,5,'1011-2225-5555','LAST NAME','FIRST NAME','M','ADDRE','PARENTS','097555','SKSU','2018','GRADE 12','2019-12-11'),(927,5,'1011-2225-5555','LAST NAME','FIRST NAME','M','ADDRE','PARENTS','097555','SKSU','2018','GRADE 12','2019-12-11'),(928,5,'1011-2225-5555','LAST NAME','FIRST NAME','M','ADDRE','PARENTS','097555','SKSU','2018','GRADE 12','2019-12-11'),(929,5,'1011-2225-5555','LAST NAME','FIRST NAME','M','ADDRE','PARENTS','097555','SKSU','2018','GRADE 12','2019-12-11'),(930,5,'1011-2225-5555','LAST NAME','FIRST NAME','M','ADDRE','PARENTS','097555','SKSU','2018','GRADE 12','2019-12-11'),(931,5,'1011-2225-5555','LAST NAME','FIRST NAME','M','ADDRE','PARENTS','097555','SKSU','2018','GRADE 12','2019-12-11'),(932,5,'1011-2225-5555','LAST NAME','FIRST NAME','M','ADDRE','PARENTS','097555','SKSU','2018','GRADE 12','2019-12-11'),(933,5,'1011-2225-5555','LAST NAME','FIRST NAME','M','ADDRE','PARENTS','097555','SKSU','2018','GRADE 12','2019-12-11'),(934,5,'1011-2225-5555','LAST NAME','FIRST NAME','M','ADDRE','PARENTS','097555','SKSU','2018','GRADE 12','2019-12-11'),(935,5,'1011-2225-5555','LAST NAME','FIRST NAME','M','ADDRE','PARENTS','097555','SKSU','2018','GRADE 12','2019-12-11'),(936,5,'1011-2225-5555','LAST NAME','FIRST NAME','M','ADDRE','PARENTS','097555','SKSU','2018','GRADE 12','2019-12-11'),(937,5,'1011-2225-5555','LAST NAME','FIRST NAME','M','ADDRE','PARENTS','097555','SKSU','2018','GRADE 12','2019-12-11'),(938,5,'1011-2225-5555','LAST NAME','FIRST NAME','M','ADDRE','PARENTS','097555','SKSU','2018','GRADE 12','2019-12-11'),(939,5,'1011-2225-5555','LAST NAME','FIRST NAME','M','ADDRE','PARENTS','097555','SKSU','2018','GRADE 12','2019-12-11'),(940,5,'1011-2225-5555','LAST NAME','FIRST NAME','M','ADDRE','PARENTS','097555','SKSU','2018','GRADE 12','2019-12-11'),(941,5,'1011-2225-5555','LAST NAME','FIRST NAME','M','ADDRE','PARENTS','097555','SKSU','2018','GRADE 12','2019-12-11'),(942,5,'1011-2225-5555','LAST NAME','FIRST NAME','M','ADDRE','PARENTS','097555','SKSU','2018','GRADE 12','2019-12-11'),(943,5,'1011-2225-5555','LAST NAME','FIRST NAME','M','ADDRE','PARENTS','097555','SKSU','2018','GRADE 12','2019-12-11'),(944,5,'1011-2225-5555','LAST NAME','FIRST NAME','M','ADDRE','PARENTS','097555','SKSU','2018','GRADE 12','2019-12-11'),(945,5,'1011-2225-5555','LAST NAME','FIRST NAME','M','ADDRE','PARENTS','097555','SKSU','2018','GRADE 12','2019-12-11'),(946,5,'1011-2225-5555','LAST NAME','FIRST NAME','M','ADDRE','PARENTS','097555','SKSU','2018','GRADE 12','2019-12-11'),(947,5,'1011-2225-5555','LAST NAME','FIRST NAME','M','ADDRE','PARENTS','097555','SKSU','2018','GRADE 12','2019-12-11'),(948,5,'1011-2225-5555','LAST NAME','FIRST NAME','M','ADDRE','PARENTS','097555','SKSU','2018','GRADE 12','2019-12-11'),(949,5,'1011-2225-5555','LAST NAME','FIRST NAME','M','ADDRE','PARENTS','097555','SKSU','2018','GRADE 12','2019-12-11'),(950,5,'1011-2225-5555','LAST NAME','FIRST NAME','M','ADDRE','PARENTS','097555','SKSU','2018','GRADE 12','2019-12-11'),(951,5,'1011-2225-5555','LAST NAME','FIRST NAME','M','ADDRE','PARENTS','097555','SKSU','2018','GRADE 12','2019-12-11'),(952,5,'1011-2225-5555','LAST NAME','FIRST NAME','M','ADDRE','PARENTS','097555','SKSU','2018','GRADE 12','2019-12-11'),(953,5,'1011-2225-5555','LAST NAME','FIRST NAME','M','ADDRE','PARENTS','097555','SKSU','2018','GRADE 12','2019-12-11'),(954,5,'1011-2225-5555','LAST NAME','FIRST NAME','M','ADDRE','PARENTS','097555','SKSU','2018','GRADE 12','2019-12-11'),(955,5,'1011-2225-5555','LAST NAME','FIRST NAME','M','ADDRE','PARENTS','097555','SKSU','2018','GRADE 12','2019-12-11'),(956,5,'1011-2225-5555','LAST NAME','FIRST NAME','M','ADDRE','PARENTS','097555','SKSU','2018','GRADE 12','2019-12-11'),(957,5,'1011-2225-5555','LAST NAME','FIRST NAME','M','ADDRE','PARENTS','097555','SKSU','2018','GRADE 12','2019-12-11'),(958,5,'1011-2225-5555','LAST NAME','FIRST NAME','M','ADDRE','PARENTS','097555','SKSU','2018','GRADE 12','2019-12-11'),(959,5,'1011-2225-5555','LAST NAME','FIRST NAME','M','ADDRE','PARENTS','097555','SKSU','2018','GRADE 12','2019-12-11'),(960,5,'1011-2225-5555','LAST NAME','FIRST NAME','M','ADDRE','PARENTS','097555','SKSU','2018','GRADE 12','2019-12-11'),(961,5,'1011-2225-5555','LAST NAME','FIRST NAME','M','ADDRE','PARENTS','097555','SKSU','2018','GRADE 12','2019-12-11'),(962,5,'1011-2225-5555','LAST NAME','FIRST NAME','M','ADDRE','PARENTS','097555','SKSU','2018','GRADE 12','2019-12-11'),(963,5,'1011-2225-5555','LAST NAME','FIRST NAME','M','ADDRE','PARENTS','097555','SKSU','2018','GRADE 12','2019-12-11'),(964,5,'1011-2225-5555','LAST NAME','FIRST NAME','M','ADDRE','PARENTS','097555','SKSU','2018','GRADE 12','2019-12-11'),(965,5,'1011-2225-5555','LAST NAME','FIRST NAME','M','ADDRE','PARENTS','097555','SKSU','2018','GRADE 12','2019-12-11'),(966,5,'1011-2225-5555','LAST NAME','FIRST NAME','M','ADDRE','PARENTS','097555','SKSU','2018','GRADE 12','2019-12-11'),(967,5,'1011-2225-5555','LAST NAME','FIRST NAME','M','ADDRE','PARENTS','097555','SKSU','2018','GRADE 12','2019-12-11'),(968,5,'1011-2225-5555','LAST NAME','FIRST NAME','M','ADDRE','PARENTS','097555','SKSU','2018','GRADE 12','2019-12-11'),(969,5,'1011-2225-5555','LAST NAME','FIRST NAME','M','ADDRE','PARENTS','097555','SKSU','2018','GRADE 12','2019-12-11'),(970,5,'1011-2225-5555','LAST NAME','FIRST NAME','M','ADDRE','PARENTS','097555','SKSU','2018','GRADE 12','2019-12-11'),(971,5,'1011-2225-5555','LAST NAME','FIRST NAME','M','ADDRE','PARENTS','097555','SKSU','2018','GRADE 12','2019-12-11'),(972,5,'1011-2225-5555','LAST NAME','FIRST NAME','M','ADDRE','PARENTS','097555','SKSU','2018','GRADE 12','2019-12-11'),(973,5,'1011-2225-5555','LAST NAME','FIRST NAME','M','ADDRE','PARENTS','097555','SKSU','2018','GRADE 12','2019-12-11'),(974,5,'1011-2225-5555','LAST NAME','FIRST NAME','M','ADDRE','PARENTS','097555','SKSU','2018','GRADE 12','2019-12-11'),(975,5,'1011-2225-5555','LAST NAME','FIRST NAME','M','ADDRE','PARENTS','097555','SKSU','2018','GRADE 12','2019-12-11'),(976,5,'1011-2225-5555','LAST NAME','FIRST NAME','M','ADDRE','PARENTS','097555','SKSU','2018','GRADE 12','2019-12-11'),(977,5,'1011-2225-5555','LAST NAME','FIRST NAME','M','ADDRE','PARENTS','097555','SKSU','2018','GRADE 12','2019-12-11'),(978,5,'1011-2225-5555','LAST NAME','FIRST NAME','M','ADDRE','PARENTS','097555','SKSU','2018','GRADE 12','2019-12-11'),(979,5,'1011-2225-5555','LAST NAME','FIRST NAME','M','ADDRE','PARENTS','097555','SKSU','2018','GRADE 12','2019-12-11'),(980,5,'1011-2225-5555','LAST NAME','FIRST NAME','M','ADDRE','PARENTS','097555','SKSU','2018','GRADE 12','2019-12-11'),(981,5,'1011-2225-5555','LAST NAME','FIRST NAME','M','ADDRE','PARENTS','097555','SKSU','2018','GRADE 12','2019-12-11'),(982,5,'1011-2225-5555','LAST NAME','FIRST NAME','M','ADDRE','PARENTS','097555','SKSU','2018','GRADE 12','2019-12-11'),(983,5,'1011-2225-5555','LAST NAME','FIRST NAME','M','ADDRE','PARENTS','097555','SKSU','2018','GRADE 12','2019-12-11'),(984,5,'1011-2225-5555','LAST NAME','FIRST NAME','M','ADDRE','PARENTS','097555','SKSU','2018','GRADE 12','2019-12-11'),(985,5,'1011-2225-5555','LAST NAME','FIRST NAME','M','ADDRE','PARENTS','097555','SKSU','2018','GRADE 12','2019-12-11'),(986,5,'1011-2225-5555','LAST NAME','FIRST NAME','M','ADDRE','PARENTS','097555','SKSU','2018','GRADE 12','2019-12-11'),(987,5,'1011-2225-5555','LAST NAME','FIRST NAME','M','ADDRE','PARENTS','097555','SKSU','2018','GRADE 12','2019-12-11'),(988,5,'1011-2225-5555','LAST NAME','FIRST NAME','M','ADDRE','PARENTS','097555','SKSU','2018','GRADE 12','2019-12-11'),(989,5,'1011-2225-5555','LAST NAME','FIRST NAME','M','ADDRE','PARENTS','097555','SKSU','2018','GRADE 12','2019-12-11'),(990,5,'1011-2225-5555','LAST NAME','FIRST NAME','M','ADDRE','PARENTS','097555','SKSU','2018','GRADE 12','2019-12-11'),(991,5,'1011-2225-5555','LAST NAME','FIRST NAME','M','ADDRE','PARENTS','097555','SKSU','2018','GRADE 12','2019-12-11'),(992,5,'1011-2225-5555','LAST NAME','FIRST NAME','M','ADDRE','PARENTS','097555','SKSU','2018','GRADE 12','2019-12-11'),(993,5,'1011-2225-5555','LAST NAME','FIRST NAME','M','ADDRE','PARENTS','097555','SKSU','2018','GRADE 12','2019-12-11'),(994,5,'1011-2225-5555','LAST NAME','FIRST NAME','M','ADDRE','PARENTS','097555','SKSU','2018','GRADE 12','2019-12-11'),(995,5,'1011-2225-5555','LAST NAME','FIRST NAME','M','ADDRE','PARENTS','097555','SKSU','2018','GRADE 12','2019-12-11'),(996,5,'1011-2225-5555','LAST NAME','FIRST NAME','M','ADDRE','PARENTS','097555','SKSU','2018','GRADE 12','2019-12-11'),(997,5,'1011-2225-5555','LAST NAME','FIRST NAME','M','ADDRE','PARENTS','097555','SKSU','2018','GRADE 12','2019-12-11'),(998,5,'1011-2225-5555','LAST NAME','FIRST NAME','M','ADDRE','PARENTS','097555','SKSU','2018','GRADE 12','2019-12-11'),(999,5,'1011-2225-5555','LAST NAME','FIRST NAME','M','ADDRE','PARENTS','097555','SKSU','2018','GRADE 12','2019-12-11'),(1000,5,'1011-2225-5555','LAST NAME','FIRST NAME','M','ADDRE','PARENTS','097555','SKSU','2018','GRADE 12','2019-12-11'),(1001,5,'1011-2225-5555','LAST NAME','FIRST NAME','M','ADDRE','PARENTS','097555','SKSU','2018','GRADE 12','2019-12-11'),(1002,5,'1011-2225-5555','LAST NAME','FIRST NAME','M','ADDRE','PARENTS','097555','SKSU','2018','GRADE 12','2019-12-11'),(1003,5,'1011-2225-5555','LAST NAME','FIRST NAME','M','ADDRE','PARENTS','097555','SKSU','2018','GRADE 12','2019-12-11'),(1004,5,'1011-2225-5555','LAST NAME','FIRST NAME','M','ADDRE','PARENTS','097555','SKSU','2018','GRADE 12','2019-12-11'),(1005,5,'1011-2225-5555','LAST NAME','FIRST NAME','M','ADDRE','PARENTS','097555','SKSU','2018','GRADE 12','2019-12-11'),(1006,5,'1011-2225-5555','LAST NAME','FIRST NAME','M','ADDRE','PARENTS','097555','SKSU','2018','GRADE 12','2019-12-11'),(1007,5,'1000000','JADRAQUE','CLARIE JANE','S','MIDSAYAP','JOEL JADRAQUE','09754363944','NDTC','2018','GRADE 12','2019-12-11'),(1008,1,'tae','taet1','tae1','t','taet1','tea1','0925','taet','tae','GRADE 11','2019-12-13');

/*Table structure for table `accounts_view` */

DROP TABLE IF EXISTS `accounts_view`;

/*!50001 DROP VIEW IF EXISTS `accounts_view` */;
/*!50001 DROP TABLE IF EXISTS `accounts_view` */;

/*!50001 CREATE TABLE  `accounts_view`(
 `ACCOUNT ID` int(6) ,
 `USERNAME` varchar(60) ,
 `PASSWORD` varchar(60) ,
 `C` varchar(71) 
)*/;

/*Table structure for table `strands_view` */

DROP TABLE IF EXISTS `strands_view`;

/*!50001 DROP VIEW IF EXISTS `strands_view` */;
/*!50001 DROP TABLE IF EXISTS `strands_view` */;

/*!50001 CREATE TABLE  `strands_view`(
 `STRAND ID` int(6) ,
 `STRAND` varchar(60) ,
 `DESCRIPTION` varchar(250) ,
 `C` varchar(321) 
)*/;

/*Table structure for table `strandspopulation_view` */

DROP TABLE IF EXISTS `strandspopulation_view`;

/*!50001 DROP VIEW IF EXISTS `strandspopulation_view` */;
/*!50001 DROP TABLE IF EXISTS `strandspopulation_view` */;

/*!50001 CREATE TABLE  `strandspopulation_view`(
 `STRAND ID` int(6) ,
 `STRAND` varchar(60) ,
 `DESCRIPTION` varchar(250) ,
 `GRADE 11 POPULATION` bigint(21) ,
 `GRADE 12 POPULATION` bigint(21) ,
 `TOTAL POPULATION` bigint(21) 
)*/;

/*Table structure for table `students_view` */

DROP TABLE IF EXISTS `students_view`;

/*!50001 DROP VIEW IF EXISTS `students_view` */;
/*!50001 DROP TABLE IF EXISTS `students_view` */;

/*!50001 CREATE TABLE  `students_view`(
 `ID` int(6) ,
 `STRAND ID` int(6) ,
 `LRN` varchar(60) ,
 `FULL NAME` varchar(124) ,
 `LAST NAME` varchar(60) ,
 `FIRST NAME` varchar(60) ,
 `MIDDLE INITIAL` varchar(1) ,
 `ADDRESS` varchar(200) ,
 `PARENTS OR GUARDIAN` varchar(100) ,
 `CONTACT NUMBER` varchar(60) ,
 `LAST SCHOOL ATTENDED` varchar(200) ,
 `SCHOOL YEAR` varchar(60) ,
 `STRAND` varchar(60) ,
 `YEAR LEVEL` varchar(60) ,
 `DESCRIPTION` varchar(250) ,
 `DATE ADDED` date ,
 `C` varchar(265) 
)*/;

/*View structure for view accounts_view */

/*!50001 DROP TABLE IF EXISTS `accounts_view` */;
/*!50001 DROP VIEW IF EXISTS `accounts_view` */;

/*!50001 CREATE ALGORITHM=UNDEFINED DEFINER=`root`@`localhost` SQL SECURITY DEFINER VIEW `accounts_view` AS select `accounts`.`accountid` AS `ACCOUNT ID`,`accounts`.`username` AS `USERNAME`,`accounts`.`password` AS `PASSWORD`,concat(`accounts`.`accountid`,`accounts`.`username`) AS `C` from `accounts` */;

/*View structure for view strands_view */

/*!50001 DROP TABLE IF EXISTS `strands_view` */;
/*!50001 DROP VIEW IF EXISTS `strands_view` */;

/*!50001 CREATE ALGORITHM=UNDEFINED DEFINER=`root`@`localhost` SQL SECURITY DEFINER VIEW `strands_view` AS select `strands`.`strandid` AS `STRAND ID`,`strands`.`strand` AS `STRAND`,`strands`.`stranddescription` AS `DESCRIPTION`,concat(`strands`.`strandid`,`strands`.`strand`,`strands`.`stranddescription`) AS `C` from `strands` */;

/*View structure for view strandspopulation_view */

/*!50001 DROP TABLE IF EXISTS `strandspopulation_view` */;
/*!50001 DROP VIEW IF EXISTS `strandspopulation_view` */;

/*!50001 CREATE ALGORITHM=UNDEFINED DEFINER=`root`@`localhost` SQL SECURITY DEFINER VIEW `strandspopulation_view` AS select `strands`.`strandid` AS `STRAND ID`,`strands`.`strand` AS `STRAND`,`strands`.`stranddescription` AS `DESCRIPTION`,(select count(0) from `students` where ((`students`.`strandid` = `strands`.`strandid`) and (`students`.`yearlevel` = 'GRADE 11'))) AS `GRADE 11 POPULATION`,(select count(0) from `students` where ((`students`.`strandid` = `strands`.`strandid`) and (`students`.`yearlevel` = 'GRADE 12'))) AS `GRADE 12 POPULATION`,(select count(0) from `students` where (`students`.`strandid` = `strands`.`strandid`)) AS `TOTAL POPULATION` from `strands` */;

/*View structure for view students_view */

/*!50001 DROP TABLE IF EXISTS `students_view` */;
/*!50001 DROP VIEW IF EXISTS `students_view` */;

/*!50001 CREATE ALGORITHM=UNDEFINED DEFINER=`root`@`localhost` SQL SECURITY DEFINER VIEW `students_view` AS select `students`.`studentid` AS `ID`,`students`.`strandid` AS `STRAND ID`,`students`.`lrn` AS `LRN`,concat(`students`.`lastname`,', ',`students`.`firstname`,' ',`students`.`middleinitial`) AS `FULL NAME`,`students`.`lastname` AS `LAST NAME`,`students`.`firstname` AS `FIRST NAME`,`students`.`middleinitial` AS `MIDDLE INITIAL`,`students`.`address` AS `ADDRESS`,`students`.`parentsorguardian` AS `PARENTS OR GUARDIAN`,`students`.`contactnumber` AS `CONTACT NUMBER`,`students`.`lastschoolattended` AS `LAST SCHOOL ATTENDED`,`students`.`schoolyear` AS `SCHOOL YEAR`,`strands`.`strand` AS `STRAND`,`students`.`yearlevel` AS `YEAR LEVEL`,`strands`.`stranddescription` AS `DESCRIPTION`,`students`.`dateadded` AS `DATE ADDED`,concat(`students`.`studentid`,`students`.`lastname`,', ',`students`.`firstname`,' ',`students`.`middleinitial`,`strands`.`strand`,`students`.`yearlevel`,`students`.`dateadded`) AS `C` from (`students` join `strands` on((`students`.`strandid` = `strands`.`strandid`))) order by `students`.`studentid` */;

/*!40101 SET SQL_MODE=@OLD_SQL_MODE */;
/*!40014 SET UNIQUE_CHECKS=@OLD_UNIQUE_CHECKS */;
/*!40111 SET SQL_NOTES=@OLD_SQL_NOTES */;
